Date,YearMonth_ID,YearMonth_Text,MonthName,Year,Quarter,Date_Key
2021-01-01,202101,2021-01,January,2021,Q1,20210101
2021-01-02,202101,2021-01,January,2021,Q1,20210102
2021-01-03,202101,2021-01,January,2021,Q1,20210103
2021-01-04,202101,2021-01,January,2021,Q1,20210104
2021-01-05,202101,2021-01,January,2021,Q1,20210105
2021-01-06,202101,2021-01,January,2021,Q1,20210106
2021-01-07,202101,2021-01,January,2021,Q1,20210107
2021-01-08,202101,2021-01,January,2021,Q1,20210108
2021-01-09,202101,2021-01,January,2021,Q1,20210109
2021-01-10,202101,2021-01,January,2021,Q1,20210110
2021-01-11,202101,2021-01,January,2021,Q1,20210111
2021-01-12,202101,2021-01,January,2021,Q1,20210112
2021-01-13,202101,2021-01,January,2021,Q1,20210113
2021-01-14,202101,2021-01,January,2021,Q1,20210114
2021-01-15,202101,2021-01,January,2021,Q1,20210115
2021-01-16,202101,2021-01,January,2021,Q1,20210116
2021-01-17,202101,2021-01,January,2021,Q1,20210117
2021-01-18,202101,2021-01,January,2021,Q1,20210118
2021-01-19,202101,2021-01,January,2021,Q1,20210119
2021-01-20,202101,2021-01,January,2021,Q1,20210120
2021-01-21,202101,2021-01,January,2021,Q1,20210121
2021-01-22,202101,2021-01,January,2021,Q1,20210122
2021-01-23,202101,2021-01,January,2021,Q1,20210123
2021-01-24,202101,2021-01,January,2021,Q1,20210124
2021-01-25,202101,2021-01,January,2021,Q1,20210125
2021-01-26,202101,2021-01,January,2021,Q1,20210126
2021-01-27,202101,2021-01,January,2021,Q1,20210127
2021-01-28,202101,2021-01,January,2021,Q1,20210128
2021-01-29,202101,2021-01,January,2021,Q1,20210129
2021-01-30,202101,2021-01,January,2021,Q1,20210130
2021-01-31,202101,2021-01,January,2021,Q1,20210131
2021-02-01,202102,2021-02,February,2021,Q1,20210201
2021-02-02,202102,2021-02,February,2021,Q1,20210202
2021-02-03,202102,2021-02,February,2021,Q1,20210203
2021-02-04,202102,2021-02,February,2021,Q1,20210204
2021-02-05,202102,2021-02,February,2021,Q1,20210205
2021-02-06,202102,2021-02,February,2021,Q1,20210206
2021-02-07,202102,2021-02,February,2021,Q1,20210207
2021-02-08,202102,2021-02,February,2021,Q1,20210208
2021-02-09,202102,2021-02,February,2021,Q1,20210209
2021-02-10,202102,2021-02,February,2021,Q1,20210210
2021-02-11,202102,2021-02,February,2021,Q1,20210211
2021-02-12,202102,2021-02,February,2021,Q1,20210212
2021-02-13,202102,2021-02,February,2021,Q1,20210213
2021-02-14,202102,2021-02,February,2021,Q1,20210214
2021-02-15,202102,2021-02,February,2021,Q1,20210215
2021-02-16,202102,2021-02,February,2021,Q1,20210216
2021-02-17,202102,2021-02,February,2021,Q1,20210217
2021-02-18,202102,2021-02,February,2021,Q1,20210218
2021-02-19,202102,2021-02,February,2021,Q1,20210219
2021-02-20,202102,2021-02,February,2021,Q1,20210220
2021-02-21,202102,2021-02,February,2021,Q1,20210221
2021-02-22,202102,2021-02,February,2021,Q1,20210222
2021-02-23,202102,2021-02,February,2021,Q1,20210223
2021-02-24,202102,2021-02,February,2021,Q1,20210224
2021-02-25,202102,2021-02,February,2021,Q1,20210225
2021-02-26,202102,2021-02,February,2021,Q1,20210226
2021-02-27,202102,2021-02,February,2021,Q1,20210227
2021-02-28,202102,2021-02,February,2021,Q1,20210228
2021-03-01,202103,2021-03,March,2021,Q1,20210301
2021-03-02,202103,2021-03,March,2021,Q1,20210302
2021-03-03,202103,2021-03,March,2021,Q1,20210303
2021-03-04,202103,2021-03,March,2021,Q1,20210304
2021-03-05,202103,2021-03,March,2021,Q1,20210305
2021-03-06,202103,2021-03,March,2021,Q1,20210306
2021-03-07,202103,2021-03,March,2021,Q1,20210307
2021-03-08,202103,2021-03,March,2021,Q1,20210308
2021-03-09,202103,2021-03,March,2021,Q1,20210309
2021-03-10,202103,2021-03,March,2021,Q1,20210310
2021-03-11,202103,2021-03,March,2021,Q1,20210311
2021-03-12,202103,2021-03,March,2021,Q1,20210312
2021-03-13,202103,2021-03,March,2021,Q1,20210313
2021-03-14,202103,2021-03,March,2021,Q1,20210314
2021-03-15,202103,2021-03,March,2021,Q1,20210315
2021-03-16,202103,2021-03,March,2021,Q1,20210316
2021-03-17,202103,2021-03,March,2021,Q1,20210317
2021-03-18,202103,2021-03,March,2021,Q1,20210318
2021-03-19,202103,2021-03,March,2021,Q1,20210319
2021-03-20,202103,2021-03,March,2021,Q1,20210320
2021-03-21,202103,2021-03,March,2021,Q1,20210321
2021-03-22,202103,2021-03,March,2021,Q1,20210322
2021-03-23,202103,2021-03,March,2021,Q1,20210323
2021-03-24,202103,2021-03,March,2021,Q1,20210324
2021-03-25,202103,2021-03,March,2021,Q1,20210325
2021-03-26,202103,2021-03,March,2021,Q1,20210326
2021-03-27,202103,2021-03,March,2021,Q1,20210327
2021-03-28,202103,2021-03,March,2021,Q1,20210328
2021-03-29,202103,2021-03,March,2021,Q1,20210329
2021-03-30,202103,2021-03,March,2021,Q1,20210330
2021-03-31,202103,2021-03,March,2021,Q1,20210331
2021-04-01,202104,2021-04,April,2021,Q2,20210401
2021-04-02,202104,2021-04,April,2021,Q2,20210402
2021-04-03,202104,2021-04,April,2021,Q2,20210403
2021-04-04,202104,2021-04,April,2021,Q2,20210404
2021-04-05,202104,2021-04,April,2021,Q2,20210405
2021-04-06,202104,2021-04,April,2021,Q2,20210406
2021-04-07,202104,2021-04,April,2021,Q2,20210407
2021-04-08,202104,2021-04,April,2021,Q2,20210408
2021-04-09,202104,2021-04,April,2021,Q2,20210409
2021-04-10,202104,2021-04,April,2021,Q2,20210410
2021-04-11,202104,2021-04,April,2021,Q2,20210411
2021-04-12,202104,2021-04,April,2021,Q2,20210412
2021-04-13,202104,2021-04,April,2021,Q2,20210413
2021-04-14,202104,2021-04,April,2021,Q2,20210414
2021-04-15,202104,2021-04,April,2021,Q2,20210415
2021-04-16,202104,2021-04,April,2021,Q2,20210416
2021-04-17,202104,2021-04,April,2021,Q2,20210417
2021-04-18,202104,2021-04,April,2021,Q2,20210418
2021-04-19,202104,2021-04,April,2021,Q2,20210419
2021-04-20,202104,2021-04,April,2021,Q2,20210420
2021-04-21,202104,2021-04,April,2021,Q2,20210421
2021-04-22,202104,2021-04,April,2021,Q2,20210422
2021-04-23,202104,2021-04,April,2021,Q2,20210423
2021-04-24,202104,2021-04,April,2021,Q2,20210424
2021-04-25,202104,2021-04,April,2021,Q2,20210425
2021-04-26,202104,2021-04,April,2021,Q2,20210426
2021-04-27,202104,2021-04,April,2021,Q2,20210427
2021-04-28,202104,2021-04,April,2021,Q2,20210428
2021-04-29,202104,2021-04,April,2021,Q2,20210429
2021-04-30,202104,2021-04,April,2021,Q2,20210430
2021-05-01,202105,2021-05,May,2021,Q2,20210501
2021-05-02,202105,2021-05,May,2021,Q2,20210502
2021-05-03,202105,2021-05,May,2021,Q2,20210503
2021-05-04,202105,2021-05,May,2021,Q2,20210504
2021-05-05,202105,2021-05,May,2021,Q2,20210505
2021-05-06,202105,2021-05,May,2021,Q2,20210506
2021-05-07,202105,2021-05,May,2021,Q2,20210507
2021-05-08,202105,2021-05,May,2021,Q2,20210508
2021-05-09,202105,2021-05,May,2021,Q2,20210509
2021-05-10,202105,2021-05,May,2021,Q2,20210510
2021-05-11,202105,2021-05,May,2021,Q2,20210511
2021-05-12,202105,2021-05,May,2021,Q2,20210512
2021-05-13,202105,2021-05,May,2021,Q2,20210513
2021-05-14,202105,2021-05,May,2021,Q2,20210514
2021-05-15,202105,2021-05,May,2021,Q2,20210515
2021-05-16,202105,2021-05,May,2021,Q2,20210516
2021-05-17,202105,2021-05,May,2021,Q2,20210517
2021-05-18,202105,2021-05,May,2021,Q2,20210518
2021-05-19,202105,2021-05,May,2021,Q2,20210519
2021-05-20,202105,2021-05,May,2021,Q2,20210520
2021-05-21,202105,2021-05,May,2021,Q2,20210521
2021-05-22,202105,2021-05,May,2021,Q2,20210522
2021-05-23,202105,2021-05,May,2021,Q2,20210523
2021-05-24,202105,2021-05,May,2021,Q2,20210524
2021-05-25,202105,2021-05,May,2021,Q2,20210525
2021-05-26,202105,2021-05,May,2021,Q2,20210526
2021-05-27,202105,2021-05,May,2021,Q2,20210527
2021-05-28,202105,2021-05,May,2021,Q2,20210528
2021-05-29,202105,2021-05,May,2021,Q2,20210529
2021-05-30,202105,2021-05,May,2021,Q2,20210530
2021-05-31,202105,2021-05,May,2021,Q2,20210531
2021-06-01,202106,2021-06,June,2021,Q2,20210601
2021-06-02,202106,2021-06,June,2021,Q2,20210602
2021-06-03,202106,2021-06,June,2021,Q2,20210603
2021-06-04,202106,2021-06,June,2021,Q2,20210604
2021-06-05,202106,2021-06,June,2021,Q2,20210605
2021-06-06,202106,2021-06,June,2021,Q2,20210606
2021-06-07,202106,2021-06,June,2021,Q2,20210607
2021-06-08,202106,2021-06,June,2021,Q2,20210608
2021-06-09,202106,2021-06,June,2021,Q2,20210609
2021-06-10,202106,2021-06,June,2021,Q2,20210610
2021-06-11,202106,2021-06,June,2021,Q2,20210611
2021-06-12,202106,2021-06,June,2021,Q2,20210612
2021-06-13,202106,2021-06,June,2021,Q2,20210613
2021-06-14,202106,2021-06,June,2021,Q2,20210614
2021-06-15,202106,2021-06,June,2021,Q2,20210615
2021-06-16,202106,2021-06,June,2021,Q2,20210616
2021-06-17,202106,2021-06,June,2021,Q2,20210617
2021-06-18,202106,2021-06,June,2021,Q2,20210618
2021-06-19,202106,2021-06,June,2021,Q2,20210619
2021-06-20,202106,2021-06,June,2021,Q2,20210620
2021-06-21,202106,2021-06,June,2021,Q2,20210621
2021-06-22,202106,2021-06,June,2021,Q2,20210622
2021-06-23,202106,2021-06,June,2021,Q2,20210623
2021-06-24,202106,2021-06,June,2021,Q2,20210624
2021-06-25,202106,2021-06,June,2021,Q2,20210625
2021-06-26,202106,2021-06,June,2021,Q2,20210626
2021-06-27,202106,2021-06,June,2021,Q2,20210627
2021-06-28,202106,2021-06,June,2021,Q2,20210628
2021-06-29,202106,2021-06,June,2021,Q2,20210629
2021-06-30,202106,2021-06,June,2021,Q2,20210630
2021-07-01,202107,2021-07,July,2021,Q3,20210701
2021-07-02,202107,2021-07,July,2021,Q3,20210702
2021-07-03,202107,2021-07,July,2021,Q3,20210703
2021-07-04,202107,2021-07,July,2021,Q3,20210704
2021-07-05,202107,2021-07,July,2021,Q3,20210705
2021-07-06,202107,2021-07,July,2021,Q3,20210706
2021-07-07,202107,2021-07,July,2021,Q3,20210707
2021-07-08,202107,2021-07,July,2021,Q3,20210708
2021-07-09,202107,2021-07,July,2021,Q3,20210709
2021-07-10,202107,2021-07,July,2021,Q3,20210710
2021-07-11,202107,2021-07,July,2021,Q3,20210711
2021-07-12,202107,2021-07,July,2021,Q3,20210712
2021-07-13,202107,2021-07,July,2021,Q3,20210713
2021-07-14,202107,2021-07,July,2021,Q3,20210714
2021-07-15,202107,2021-07,July,2021,Q3,20210715
2021-07-16,202107,2021-07,July,2021,Q3,20210716
2021-07-17,202107,2021-07,July,2021,Q3,20210717
2021-07-18,202107,2021-07,July,2021,Q3,20210718
2021-07-19,202107,2021-07,July,2021,Q3,20210719
2021-07-20,202107,2021-07,July,2021,Q3,20210720
2021-07-21,202107,2021-07,July,2021,Q3,20210721
2021-07-22,202107,2021-07,July,2021,Q3,20210722
2021-07-23,202107,2021-07,July,2021,Q3,20210723
2021-07-24,202107,2021-07,July,2021,Q3,20210724
2021-07-25,202107,2021-07,July,2021,Q3,20210725
2021-07-26,202107,2021-07,July,2021,Q3,20210726
2021-07-27,202107,2021-07,July,2021,Q3,20210727
2021-07-28,202107,2021-07,July,2021,Q3,20210728
2021-07-29,202107,2021-07,July,2021,Q3,20210729
2021-07-30,202107,2021-07,July,2021,Q3,20210730
2021-07-31,202107,2021-07,July,2021,Q3,20210731
2021-08-01,202108,2021-08,August,2021,Q3,20210801
2021-08-02,202108,2021-08,August,2021,Q3,20210802
2021-08-03,202108,2021-08,August,2021,Q3,20210803
2021-08-04,202108,2021-08,August,2021,Q3,20210804
2021-08-05,202108,2021-08,August,2021,Q3,20210805
2021-08-06,202108,2021-08,August,2021,Q3,20210806
2021-08-07,202108,2021-08,August,2021,Q3,20210807
2021-08-08,202108,2021-08,August,2021,Q3,20210808
2021-08-09,202108,2021-08,August,2021,Q3,20210809
2021-08-10,202108,2021-08,August,2021,Q3,20210810
2021-08-11,202108,2021-08,August,2021,Q3,20210811
2021-08-12,202108,2021-08,August,2021,Q3,20210812
2021-08-13,202108,2021-08,August,2021,Q3,20210813
2021-08-14,202108,2021-08,August,2021,Q3,20210814
2021-08-15,202108,2021-08,August,2021,Q3,20210815
2021-08-16,202108,2021-08,August,2021,Q3,20210816
2021-08-17,202108,2021-08,August,2021,Q3,20210817
2021-08-18,202108,2021-08,August,2021,Q3,20210818
2021-08-19,202108,2021-08,August,2021,Q3,20210819
2021-08-20,202108,2021-08,August,2021,Q3,20210820
2021-08-21,202108,2021-08,August,2021,Q3,20210821
2021-08-22,202108,2021-08,August,2021,Q3,20210822
2021-08-23,202108,2021-08,August,2021,Q3,20210823
2021-08-24,202108,2021-08,August,2021,Q3,20210824
2021-08-25,202108,2021-08,August,2021,Q3,20210825
2021-08-26,202108,2021-08,August,2021,Q3,20210826
2021-08-27,202108,2021-08,August,2021,Q3,20210827
2021-08-28,202108,2021-08,August,2021,Q3,20210828
2021-08-29,202108,2021-08,August,2021,Q3,20210829
2021-08-30,202108,2021-08,August,2021,Q3,20210830
2021-08-31,202108,2021-08,August,2021,Q3,20210831
2021-09-01,202109,2021-09,September,2021,Q3,20210901
2021-09-02,202109,2021-09,September,2021,Q3,20210902
2021-09-03,202109,2021-09,September,2021,Q3,20210903
2021-09-04,202109,2021-09,September,2021,Q3,20210904
2021-09-05,202109,2021-09,September,2021,Q3,20210905
2021-09-06,202109,2021-09,September,2021,Q3,20210906
2021-09-07,202109,2021-09,September,2021,Q3,20210907
2021-09-08,202109,2021-09,September,2021,Q3,20210908
2021-09-09,202109,2021-09,September,2021,Q3,20210909
2021-09-10,202109,2021-09,September,2021,Q3,20210910
2021-09-11,202109,2021-09,September,2021,Q3,20210911
2021-09-12,202109,2021-09,September,2021,Q3,20210912
2021-09-13,202109,2021-09,September,2021,Q3,20210913
2021-09-14,202109,2021-09,September,2021,Q3,20210914
2021-09-15,202109,2021-09,September,2021,Q3,20210915
2021-09-16,202109,2021-09,September,2021,Q3,20210916
2021-09-17,202109,2021-09,September,2021,Q3,20210917
2021-09-18,202109,2021-09,September,2021,Q3,20210918
2021-09-19,202109,2021-09,September,2021,Q3,20210919
2021-09-20,202109,2021-09,September,2021,Q3,20210920
2021-09-21,202109,2021-09,September,2021,Q3,20210921
2021-09-22,202109,2021-09,September,2021,Q3,20210922
2021-09-23,202109,2021-09,September,2021,Q3,20210923
2021-09-24,202109,2021-09,September,2021,Q3,20210924
2021-09-25,202109,2021-09,September,2021,Q3,20210925
2021-09-26,202109,2021-09,September,2021,Q3,20210926
2021-09-27,202109,2021-09,September,2021,Q3,20210927
2021-09-28,202109,2021-09,September,2021,Q3,20210928
2021-09-29,202109,2021-09,September,2021,Q3,20210929
2021-09-30,202109,2021-09,September,2021,Q3,20210930
2021-10-01,202110,2021-10,October,2021,Q4,20211001
2021-10-02,202110,2021-10,October,2021,Q4,20211002
2021-10-03,202110,2021-10,October,2021,Q4,20211003
2021-10-04,202110,2021-10,October,2021,Q4,20211004
2021-10-05,202110,2021-10,October,2021,Q4,20211005
2021-10-06,202110,2021-10,October,2021,Q4,20211006
2021-10-07,202110,2021-10,October,2021,Q4,20211007
2021-10-08,202110,2021-10,October,2021,Q4,20211008
2021-10-09,202110,2021-10,October,2021,Q4,20211009
2021-10-10,202110,2021-10,October,2021,Q4,20211010
2021-10-11,202110,2021-10,October,2021,Q4,20211011
2021-10-12,202110,2021-10,October,2021,Q4,20211012
2021-10-13,202110,2021-10,October,2021,Q4,20211013
2021-10-14,202110,2021-10,October,2021,Q4,20211014
2021-10-15,202110,2021-10,October,2021,Q4,20211015
2021-10-16,202110,2021-10,October,2021,Q4,20211016
2021-10-17,202110,2021-10,October,2021,Q4,20211017
2021-10-18,202110,2021-10,October,2021,Q4,20211018
2021-10-19,202110,2021-10,October,2021,Q4,20211019
2021-10-20,202110,2021-10,October,2021,Q4,20211020
2021-10-21,202110,2021-10,October,2021,Q4,20211021
2021-10-22,202110,2021-10,October,2021,Q4,20211022
2021-10-23,202110,2021-10,October,2021,Q4,20211023
2021-10-24,202110,2021-10,October,2021,Q4,20211024
2021-10-25,202110,2021-10,October,2021,Q4,20211025
2021-10-26,202110,2021-10,October,2021,Q4,20211026
2021-10-27,202110,2021-10,October,2021,Q4,20211027
2021-10-28,202110,2021-10,October,2021,Q4,20211028
2021-10-29,202110,2021-10,October,2021,Q4,20211029
2021-10-30,202110,2021-10,October,2021,Q4,20211030
2021-10-31,202110,2021-10,October,2021,Q4,20211031
2021-11-01,202111,2021-11,November,2021,Q4,20211101
2021-11-02,202111,2021-11,November,2021,Q4,20211102
2021-11-03,202111,2021-11,November,2021,Q4,20211103
2021-11-04,202111,2021-11,November,2021,Q4,20211104
2021-11-05,202111,2021-11,November,2021,Q4,20211105
2021-11-06,202111,2021-11,November,2021,Q4,20211106
2021-11-07,202111,2021-11,November,2021,Q4,20211107
2021-11-08,202111,2021-11,November,2021,Q4,20211108
2021-11-09,202111,2021-11,November,2021,Q4,20211109
2021-11-10,202111,2021-11,November,2021,Q4,20211110
2021-11-11,202111,2021-11,November,2021,Q4,20211111
2021-11-12,202111,2021-11,November,2021,Q4,20211112
2021-11-13,202111,2021-11,November,2021,Q4,20211113
2021-11-14,202111,2021-11,November,2021,Q4,20211114
2021-11-15,202111,2021-11,November,2021,Q4,20211115
2021-11-16,202111,2021-11,November,2021,Q4,20211116
2021-11-17,202111,2021-11,November,2021,Q4,20211117
2021-11-18,202111,2021-11,November,2021,Q4,20211118
2021-11-19,202111,2021-11,November,2021,Q4,20211119
2021-11-20,202111,2021-11,November,2021,Q4,20211120
2021-11-21,202111,2021-11,November,2021,Q4,20211121
2021-11-22,202111,2021-11,November,2021,Q4,20211122
2021-11-23,202111,2021-11,November,2021,Q4,20211123
2021-11-24,202111,2021-11,November,2021,Q4,20211124
2021-11-25,202111,2021-11,November,2021,Q4,20211125
2021-11-26,202111,2021-11,November,2021,Q4,20211126
2021-11-27,202111,2021-11,November,2021,Q4,20211127
2021-11-28,202111,2021-11,November,2021,Q4,20211128
2021-11-29,202111,2021-11,November,2021,Q4,20211129
2021-11-30,202111,2021-11,November,2021,Q4,20211130
2021-12-01,202112,2021-12,December,2021,Q4,20211201
2021-12-02,202112,2021-12,December,2021,Q4,20211202
2021-12-03,202112,2021-12,December,2021,Q4,20211203
2021-12-04,202112,2021-12,December,2021,Q4,20211204
2021-12-05,202112,2021-12,December,2021,Q4,20211205
2021-12-06,202112,2021-12,December,2021,Q4,20211206
2021-12-07,202112,2021-12,December,2021,Q4,20211207
2021-12-08,202112,2021-12,December,2021,Q4,20211208
2021-12-09,202112,2021-12,December,2021,Q4,20211209
2021-12-10,202112,2021-12,December,2021,Q4,20211210
2021-12-11,202112,2021-12,December,2021,Q4,20211211
2021-12-12,202112,2021-12,December,2021,Q4,20211212
2021-12-13,202112,2021-12,December,2021,Q4,20211213
2021-12-14,202112,2021-12,December,2021,Q4,20211214
2021-12-15,202112,2021-12,December,2021,Q4,20211215
2021-12-16,202112,2021-12,December,2021,Q4,20211216
2021-12-17,202112,2021-12,December,2021,Q4,20211217
2021-12-18,202112,2021-12,December,2021,Q4,20211218
2021-12-19,202112,2021-12,December,2021,Q4,20211219
2021-12-20,202112,2021-12,December,2021,Q4,20211220
2021-12-21,202112,2021-12,December,2021,Q4,20211221
2021-12-22,202112,2021-12,December,2021,Q4,20211222
2021-12-23,202112,2021-12,December,2021,Q4,20211223
2021-12-24,202112,2021-12,December,2021,Q4,20211224
2021-12-25,202112,2021-12,December,2021,Q4,20211225
2021-12-26,202112,2021-12,December,2021,Q4,20211226
2021-12-27,202112,2021-12,December,2021,Q4,20211227
2021-12-28,202112,2021-12,December,2021,Q4,20211228
2021-12-29,202112,2021-12,December,2021,Q4,20211229
2021-12-30,202112,2021-12,December,2021,Q4,20211230
2021-12-31,202112,2021-12,December,2021,Q4,20211231
2022-01-01,202201,2022-01,January,2022,Q1,20220101
2022-01-02,202201,2022-01,January,2022,Q1,20220102
2022-01-03,202201,2022-01,January,2022,Q1,20220103
2022-01-04,202201,2022-01,January,2022,Q1,20220104
2022-01-05,202201,2022-01,January,2022,Q1,20220105
2022-01-06,202201,2022-01,January,2022,Q1,20220106
2022-01-07,202201,2022-01,January,2022,Q1,20220107
2022-01-08,202201,2022-01,January,2022,Q1,20220108
2022-01-09,202201,2022-01,January,2022,Q1,20220109
2022-01-10,202201,2022-01,January,2022,Q1,20220110
2022-01-11,202201,2022-01,January,2022,Q1,20220111
2022-01-12,202201,2022-01,January,2022,Q1,20220112
2022-01-13,202201,2022-01,January,2022,Q1,20220113
2022-01-14,202201,2022-01,January,2022,Q1,20220114
2022-01-15,202201,2022-01,January,2022,Q1,20220115
2022-01-16,202201,2022-01,January,2022,Q1,20220116
2022-01-17,202201,2022-01,January,2022,Q1,20220117
2022-01-18,202201,2022-01,January,2022,Q1,20220118
2022-01-19,202201,2022-01,January,2022,Q1,20220119
2022-01-20,202201,2022-01,January,2022,Q1,20220120
2022-01-21,202201,2022-01,January,2022,Q1,20220121
2022-01-22,202201,2022-01,January,2022,Q1,20220122
2022-01-23,202201,2022-01,January,2022,Q1,20220123
2022-01-24,202201,2022-01,January,2022,Q1,20220124
2022-01-25,202201,2022-01,January,2022,Q1,20220125
2022-01-26,202201,2022-01,January,2022,Q1,20220126
2022-01-27,202201,2022-01,January,2022,Q1,20220127
2022-01-28,202201,2022-01,January,2022,Q1,20220128
2022-01-29,202201,2022-01,January,2022,Q1,20220129
2022-01-30,202201,2022-01,January,2022,Q1,20220130
2022-01-31,202201,2022-01,January,2022,Q1,20220131
2022-02-01,202202,2022-02,February,2022,Q1,20220201
2022-02-02,202202,2022-02,February,2022,Q1,20220202
2022-02-03,202202,2022-02,February,2022,Q1,20220203
2022-02-04,202202,2022-02,February,2022,Q1,20220204
2022-02-05,202202,2022-02,February,2022,Q1,20220205
2022-02-06,202202,2022-02,February,2022,Q1,20220206
2022-02-07,202202,2022-02,February,2022,Q1,20220207
2022-02-08,202202,2022-02,February,2022,Q1,20220208
2022-02-09,202202,2022-02,February,2022,Q1,20220209
2022-02-10,202202,2022-02,February,2022,Q1,20220210
2022-02-11,202202,2022-02,February,2022,Q1,20220211
2022-02-12,202202,2022-02,February,2022,Q1,20220212
2022-02-13,202202,2022-02,February,2022,Q1,20220213
2022-02-14,202202,2022-02,February,2022,Q1,20220214
2022-02-15,202202,2022-02,February,2022,Q1,20220215
2022-02-16,202202,2022-02,February,2022,Q1,20220216
2022-02-17,202202,2022-02,February,2022,Q1,20220217
2022-02-18,202202,2022-02,February,2022,Q1,20220218
2022-02-19,202202,2022-02,February,2022,Q1,20220219
2022-02-20,202202,2022-02,February,2022,Q1,20220220
2022-02-21,202202,2022-02,February,2022,Q1,20220221
2022-02-22,202202,2022-02,February,2022,Q1,20220222
2022-02-23,202202,2022-02,February,2022,Q1,20220223
2022-02-24,202202,2022-02,February,2022,Q1,20220224
2022-02-25,202202,2022-02,February,2022,Q1,20220225
2022-02-26,202202,2022-02,February,2022,Q1,20220226
2022-02-27,202202,2022-02,February,2022,Q1,20220227
2022-02-28,202202,2022-02,February,2022,Q1,20220228
2022-03-01,202203,2022-03,March,2022,Q1,20220301
2022-03-02,202203,2022-03,March,2022,Q1,20220302
2022-03-03,202203,2022-03,March,2022,Q1,20220303
2022-03-04,202203,2022-03,March,2022,Q1,20220304
2022-03-05,202203,2022-03,March,2022,Q1,20220305
2022-03-06,202203,2022-03,March,2022,Q1,20220306
2022-03-07,202203,2022-03,March,2022,Q1,20220307
2022-03-08,202203,2022-03,March,2022,Q1,20220308
2022-03-09,202203,2022-03,March,2022,Q1,20220309
2022-03-10,202203,2022-03,March,2022,Q1,20220310
2022-03-11,202203,2022-03,March,2022,Q1,20220311
2022-03-12,202203,2022-03,March,2022,Q1,20220312
2022-03-13,202203,2022-03,March,2022,Q1,20220313
2022-03-14,202203,2022-03,March,2022,Q1,20220314
2022-03-15,202203,2022-03,March,2022,Q1,20220315
2022-03-16,202203,2022-03,March,2022,Q1,20220316
2022-03-17,202203,2022-03,March,2022,Q1,20220317
2022-03-18,202203,2022-03,March,2022,Q1,20220318
2022-03-19,202203,2022-03,March,2022,Q1,20220319
2022-03-20,202203,2022-03,March,2022,Q1,20220320
2022-03-21,202203,2022-03,March,2022,Q1,20220321
2022-03-22,202203,2022-03,March,2022,Q1,20220322
2022-03-23,202203,2022-03,March,2022,Q1,20220323
2022-03-24,202203,2022-03,March,2022,Q1,20220324
2022-03-25,202203,2022-03,March,2022,Q1,20220325
2022-03-26,202203,2022-03,March,2022,Q1,20220326
2022-03-27,202203,2022-03,March,2022,Q1,20220327
2022-03-28,202203,2022-03,March,2022,Q1,20220328
2022-03-29,202203,2022-03,March,2022,Q1,20220329
2022-03-30,202203,2022-03,March,2022,Q1,20220330
2022-03-31,202203,2022-03,March,2022,Q1,20220331
2022-04-01,202204,2022-04,April,2022,Q2,20220401
2022-04-02,202204,2022-04,April,2022,Q2,20220402
2022-04-03,202204,2022-04,April,2022,Q2,20220403
2022-04-04,202204,2022-04,April,2022,Q2,20220404
2022-04-05,202204,2022-04,April,2022,Q2,20220405
2022-04-06,202204,2022-04,April,2022,Q2,20220406
2022-04-07,202204,2022-04,April,2022,Q2,20220407
2022-04-08,202204,2022-04,April,2022,Q2,20220408
2022-04-09,202204,2022-04,April,2022,Q2,20220409
2022-04-10,202204,2022-04,April,2022,Q2,20220410
2022-04-11,202204,2022-04,April,2022,Q2,20220411
2022-04-12,202204,2022-04,April,2022,Q2,20220412
2022-04-13,202204,2022-04,April,2022,Q2,20220413
2022-04-14,202204,2022-04,April,2022,Q2,20220414
2022-04-15,202204,2022-04,April,2022,Q2,20220415
2022-04-16,202204,2022-04,April,2022,Q2,20220416
2022-04-17,202204,2022-04,April,2022,Q2,20220417
2022-04-18,202204,2022-04,April,2022,Q2,20220418
2022-04-19,202204,2022-04,April,2022,Q2,20220419
2022-04-20,202204,2022-04,April,2022,Q2,20220420
2022-04-21,202204,2022-04,April,2022,Q2,20220421
2022-04-22,202204,2022-04,April,2022,Q2,20220422
2022-04-23,202204,2022-04,April,2022,Q2,20220423
2022-04-24,202204,2022-04,April,2022,Q2,20220424
2022-04-25,202204,2022-04,April,2022,Q2,20220425
2022-04-26,202204,2022-04,April,2022,Q2,20220426
2022-04-27,202204,2022-04,April,2022,Q2,20220427
2022-04-28,202204,2022-04,April,2022,Q2,20220428
2022-04-29,202204,2022-04,April,2022,Q2,20220429
2022-04-30,202204,2022-04,April,2022,Q2,20220430
2022-05-01,202205,2022-05,May,2022,Q2,20220501
2022-05-02,202205,2022-05,May,2022,Q2,20220502
2022-05-03,202205,2022-05,May,2022,Q2,20220503
2022-05-04,202205,2022-05,May,2022,Q2,20220504
2022-05-05,202205,2022-05,May,2022,Q2,20220505
2022-05-06,202205,2022-05,May,2022,Q2,20220506
2022-05-07,202205,2022-05,May,2022,Q2,20220507
2022-05-08,202205,2022-05,May,2022,Q2,20220508
2022-05-09,202205,2022-05,May,2022,Q2,20220509
2022-05-10,202205,2022-05,May,2022,Q2,20220510
2022-05-11,202205,2022-05,May,2022,Q2,20220511
2022-05-12,202205,2022-05,May,2022,Q2,20220512
2022-05-13,202205,2022-05,May,2022,Q2,20220513
2022-05-14,202205,2022-05,May,2022,Q2,20220514
2022-05-15,202205,2022-05,May,2022,Q2,20220515
2022-05-16,202205,2022-05,May,2022,Q2,20220516
2022-05-17,202205,2022-05,May,2022,Q2,20220517
2022-05-18,202205,2022-05,May,2022,Q2,20220518
2022-05-19,202205,2022-05,May,2022,Q2,20220519
2022-05-20,202205,2022-05,May,2022,Q2,20220520
2022-05-21,202205,2022-05,May,2022,Q2,20220521
2022-05-22,202205,2022-05,May,2022,Q2,20220522
2022-05-23,202205,2022-05,May,2022,Q2,20220523
2022-05-24,202205,2022-05,May,2022,Q2,20220524
2022-05-25,202205,2022-05,May,2022,Q2,20220525
2022-05-26,202205,2022-05,May,2022,Q2,20220526
2022-05-27,202205,2022-05,May,2022,Q2,20220527
2022-05-28,202205,2022-05,May,2022,Q2,20220528
2022-05-29,202205,2022-05,May,2022,Q2,20220529
2022-05-30,202205,2022-05,May,2022,Q2,20220530
2022-05-31,202205,2022-05,May,2022,Q2,20220531
2022-06-01,202206,2022-06,June,2022,Q2,20220601
2022-06-02,202206,2022-06,June,2022,Q2,20220602
2022-06-03,202206,2022-06,June,2022,Q2,20220603
2022-06-04,202206,2022-06,June,2022,Q2,20220604
2022-06-05,202206,2022-06,June,2022,Q2,20220605
2022-06-06,202206,2022-06,June,2022,Q2,20220606
2022-06-07,202206,2022-06,June,2022,Q2,20220607
2022-06-08,202206,2022-06,June,2022,Q2,20220608
2022-06-09,202206,2022-06,June,2022,Q2,20220609
2022-06-10,202206,2022-06,June,2022,Q2,20220610
2022-06-11,202206,2022-06,June,2022,Q2,20220611
2022-06-12,202206,2022-06,June,2022,Q2,20220612
2022-06-13,202206,2022-06,June,2022,Q2,20220613
2022-06-14,202206,2022-06,June,2022,Q2,20220614
2022-06-15,202206,2022-06,June,2022,Q2,20220615
2022-06-16,202206,2022-06,June,2022,Q2,20220616
2022-06-17,202206,2022-06,June,2022,Q2,20220617
2022-06-18,202206,2022-06,June,2022,Q2,20220618
2022-06-19,202206,2022-06,June,2022,Q2,20220619
2022-06-20,202206,2022-06,June,2022,Q2,20220620
2022-06-21,202206,2022-06,June,2022,Q2,20220621
2022-06-22,202206,2022-06,June,2022,Q2,20220622
2022-06-23,202206,2022-06,June,2022,Q2,20220623
2022-06-24,202206,2022-06,June,2022,Q2,20220624
2022-06-25,202206,2022-06,June,2022,Q2,20220625
2022-06-26,202206,2022-06,June,2022,Q2,20220626
2022-06-27,202206,2022-06,June,2022,Q2,20220627
2022-06-28,202206,2022-06,June,2022,Q2,20220628
2022-06-29,202206,2022-06,June,2022,Q2,20220629
2022-06-30,202206,2022-06,June,2022,Q2,20220630
2022-07-01,202207,2022-07,July,2022,Q3,20220701
2022-07-02,202207,2022-07,July,2022,Q3,20220702
2022-07-03,202207,2022-07,July,2022,Q3,20220703
2022-07-04,202207,2022-07,July,2022,Q3,20220704
2022-07-05,202207,2022-07,July,2022,Q3,20220705
2022-07-06,202207,2022-07,July,2022,Q3,20220706
2022-07-07,202207,2022-07,July,2022,Q3,20220707
2022-07-08,202207,2022-07,July,2022,Q3,20220708
2022-07-09,202207,2022-07,July,2022,Q3,20220709
2022-07-10,202207,2022-07,July,2022,Q3,20220710
2022-07-11,202207,2022-07,July,2022,Q3,20220711
2022-07-12,202207,2022-07,July,2022,Q3,20220712
2022-07-13,202207,2022-07,July,2022,Q3,20220713
2022-07-14,202207,2022-07,July,2022,Q3,20220714
2022-07-15,202207,2022-07,July,2022,Q3,20220715
2022-07-16,202207,2022-07,July,2022,Q3,20220716
2022-07-17,202207,2022-07,July,2022,Q3,20220717
2022-07-18,202207,2022-07,July,2022,Q3,20220718
2022-07-19,202207,2022-07,July,2022,Q3,20220719
2022-07-20,202207,2022-07,July,2022,Q3,20220720
2022-07-21,202207,2022-07,July,2022,Q3,20220721
2022-07-22,202207,2022-07,July,2022,Q3,20220722
2022-07-23,202207,2022-07,July,2022,Q3,20220723
2022-07-24,202207,2022-07,July,2022,Q3,20220724
2022-07-25,202207,2022-07,July,2022,Q3,20220725
2022-07-26,202207,2022-07,July,2022,Q3,20220726
2022-07-27,202207,2022-07,July,2022,Q3,20220727
2022-07-28,202207,2022-07,July,2022,Q3,20220728
2022-07-29,202207,2022-07,July,2022,Q3,20220729
2022-07-30,202207,2022-07,July,2022,Q3,20220730
2022-07-31,202207,2022-07,July,2022,Q3,20220731
2022-08-01,202208,2022-08,August,2022,Q3,20220801
2022-08-02,202208,2022-08,August,2022,Q3,20220802
2022-08-03,202208,2022-08,August,2022,Q3,20220803
2022-08-04,202208,2022-08,August,2022,Q3,20220804
2022-08-05,202208,2022-08,August,2022,Q3,20220805
2022-08-06,202208,2022-08,August,2022,Q3,20220806
2022-08-07,202208,2022-08,August,2022,Q3,20220807
2022-08-08,202208,2022-08,August,2022,Q3,20220808
2022-08-09,202208,2022-08,August,2022,Q3,20220809
2022-08-10,202208,2022-08,August,2022,Q3,20220810
2022-08-11,202208,2022-08,August,2022,Q3,20220811
2022-08-12,202208,2022-08,August,2022,Q3,20220812
2022-08-13,202208,2022-08,August,2022,Q3,20220813
2022-08-14,202208,2022-08,August,2022,Q3,20220814
2022-08-15,202208,2022-08,August,2022,Q3,20220815
2022-08-16,202208,2022-08,August,2022,Q3,20220816
2022-08-17,202208,2022-08,August,2022,Q3,20220817
2022-08-18,202208,2022-08,August,2022,Q3,20220818
2022-08-19,202208,2022-08,August,2022,Q3,20220819
2022-08-20,202208,2022-08,August,2022,Q3,20220820
2022-08-21,202208,2022-08,August,2022,Q3,20220821
2022-08-22,202208,2022-08,August,2022,Q3,20220822
2022-08-23,202208,2022-08,August,2022,Q3,20220823
2022-08-24,202208,2022-08,August,2022,Q3,20220824
2022-08-25,202208,2022-08,August,2022,Q3,20220825
2022-08-26,202208,2022-08,August,2022,Q3,20220826
2022-08-27,202208,2022-08,August,2022,Q3,20220827
2022-08-28,202208,2022-08,August,2022,Q3,20220828
2022-08-29,202208,2022-08,August,2022,Q3,20220829
2022-08-30,202208,2022-08,August,2022,Q3,20220830
2022-08-31,202208,2022-08,August,2022,Q3,20220831
2022-09-01,202209,2022-09,September,2022,Q3,20220901
2022-09-02,202209,2022-09,September,2022,Q3,20220902
2022-09-03,202209,2022-09,September,2022,Q3,20220903
2022-09-04,202209,2022-09,September,2022,Q3,20220904
2022-09-05,202209,2022-09,September,2022,Q3,20220905
2022-09-06,202209,2022-09,September,2022,Q3,20220906
2022-09-07,202209,2022-09,September,2022,Q3,20220907
2022-09-08,202209,2022-09,September,2022,Q3,20220908
2022-09-09,202209,2022-09,September,2022,Q3,20220909
2022-09-10,202209,2022-09,September,2022,Q3,20220910
2022-09-11,202209,2022-09,September,2022,Q3,20220911
2022-09-12,202209,2022-09,September,2022,Q3,20220912
2022-09-13,202209,2022-09,September,2022,Q3,20220913
2022-09-14,202209,2022-09,September,2022,Q3,20220914
2022-09-15,202209,2022-09,September,2022,Q3,20220915
2022-09-16,202209,2022-09,September,2022,Q3,20220916
2022-09-17,202209,2022-09,September,2022,Q3,20220917
2022-09-18,202209,2022-09,September,2022,Q3,20220918
2022-09-19,202209,2022-09,September,2022,Q3,20220919
2022-09-20,202209,2022-09,September,2022,Q3,20220920
2022-09-21,202209,2022-09,September,2022,Q3,20220921
2022-09-22,202209,2022-09,September,2022,Q3,20220922
2022-09-23,202209,2022-09,September,2022,Q3,20220923
2022-09-24,202209,2022-09,September,2022,Q3,20220924
2022-09-25,202209,2022-09,September,2022,Q3,20220925
2022-09-26,202209,2022-09,September,2022,Q3,20220926
2022-09-27,202209,2022-09,September,2022,Q3,20220927
2022-09-28,202209,2022-09,September,2022,Q3,20220928
2022-09-29,202209,2022-09,September,2022,Q3,20220929
2022-09-30,202209,2022-09,September,2022,Q3,20220930
2022-10-01,202210,2022-10,October,2022,Q4,20221001
2022-10-02,202210,2022-10,October,2022,Q4,20221002
2022-10-03,202210,2022-10,October,2022,Q4,20221003
2022-10-04,202210,2022-10,October,2022,Q4,20221004
2022-10-05,202210,2022-10,October,2022,Q4,20221005
2022-10-06,202210,2022-10,October,2022,Q4,20221006
2022-10-07,202210,2022-10,October,2022,Q4,20221007
2022-10-08,202210,2022-10,October,2022,Q4,20221008
2022-10-09,202210,2022-10,October,2022,Q4,20221009
2022-10-10,202210,2022-10,October,2022,Q4,20221010
2022-10-11,202210,2022-10,October,2022,Q4,20221011
2022-10-12,202210,2022-10,October,2022,Q4,20221012
2022-10-13,202210,2022-10,October,2022,Q4,20221013
2022-10-14,202210,2022-10,October,2022,Q4,20221014
2022-10-15,202210,2022-10,October,2022,Q4,20221015
2022-10-16,202210,2022-10,October,2022,Q4,20221016
2022-10-17,202210,2022-10,October,2022,Q4,20221017
2022-10-18,202210,2022-10,October,2022,Q4,20221018
2022-10-19,202210,2022-10,October,2022,Q4,20221019
2022-10-20,202210,2022-10,October,2022,Q4,20221020
2022-10-21,202210,2022-10,October,2022,Q4,20221021
2022-10-22,202210,2022-10,October,2022,Q4,20221022
2022-10-23,202210,2022-10,October,2022,Q4,20221023
2022-10-24,202210,2022-10,October,2022,Q4,20221024
2022-10-25,202210,2022-10,October,2022,Q4,20221025
2022-10-26,202210,2022-10,October,2022,Q4,20221026
2022-10-27,202210,2022-10,October,2022,Q4,20221027
2022-10-28,202210,2022-10,October,2022,Q4,20221028
2022-10-29,202210,2022-10,October,2022,Q4,20221029
2022-10-30,202210,2022-10,October,2022,Q4,20221030
2022-10-31,202210,2022-10,October,2022,Q4,20221031
2022-11-01,202211,2022-11,November,2022,Q4,20221101
2022-11-02,202211,2022-11,November,2022,Q4,20221102
2022-11-03,202211,2022-11,November,2022,Q4,20221103
2022-11-04,202211,2022-11,November,2022,Q4,20221104
2022-11-05,202211,2022-11,November,2022,Q4,20221105
2022-11-06,202211,2022-11,November,2022,Q4,20221106
2022-11-07,202211,2022-11,November,2022,Q4,20221107
2022-11-08,202211,2022-11,November,2022,Q4,20221108
2022-11-09,202211,2022-11,November,2022,Q4,20221109
2022-11-10,202211,2022-11,November,2022,Q4,20221110
2022-11-11,202211,2022-11,November,2022,Q4,20221111
2022-11-12,202211,2022-11,November,2022,Q4,20221112
2022-11-13,202211,2022-11,November,2022,Q4,20221113
2022-11-14,202211,2022-11,November,2022,Q4,20221114
2022-11-15,202211,2022-11,November,2022,Q4,20221115
2022-11-16,202211,2022-11,November,2022,Q4,20221116
2022-11-17,202211,2022-11,November,2022,Q4,20221117
2022-11-18,202211,2022-11,November,2022,Q4,20221118
2022-11-19,202211,2022-11,November,2022,Q4,20221119
2022-11-20,202211,2022-11,November,2022,Q4,20221120
2022-11-21,202211,2022-11,November,2022,Q4,20221121
2022-11-22,202211,2022-11,November,2022,Q4,20221122
2022-11-23,202211,2022-11,November,2022,Q4,20221123
2022-11-24,202211,2022-11,November,2022,Q4,20221124
2022-11-25,202211,2022-11,November,2022,Q4,20221125
2022-11-26,202211,2022-11,November,2022,Q4,20221126
2022-11-27,202211,2022-11,November,2022,Q4,20221127
2022-11-28,202211,2022-11,November,2022,Q4,20221128
2022-11-29,202211,2022-11,November,2022,Q4,20221129
2022-11-30,202211,2022-11,November,2022,Q4,20221130
2022-12-01,202212,2022-12,December,2022,Q4,20221201
2022-12-02,202212,2022-12,December,2022,Q4,20221202
2022-12-03,202212,2022-12,December,2022,Q4,20221203
2022-12-04,202212,2022-12,December,2022,Q4,20221204
2022-12-05,202212,2022-12,December,2022,Q4,20221205
2022-12-06,202212,2022-12,December,2022,Q4,20221206
2022-12-07,202212,2022-12,December,2022,Q4,20221207
2022-12-08,202212,2022-12,December,2022,Q4,20221208
2022-12-09,202212,2022-12,December,2022,Q4,20221209
2022-12-10,202212,2022-12,December,2022,Q4,20221210
2022-12-11,202212,2022-12,December,2022,Q4,20221211
2022-12-12,202212,2022-12,December,2022,Q4,20221212
2022-12-13,202212,2022-12,December,2022,Q4,20221213
2022-12-14,202212,2022-12,December,2022,Q4,20221214
2022-12-15,202212,2022-12,December,2022,Q4,20221215
2022-12-16,202212,2022-12,December,2022,Q4,20221216
2022-12-17,202212,2022-12,December,2022,Q4,20221217
2022-12-18,202212,2022-12,December,2022,Q4,20221218
2022-12-19,202212,2022-12,December,2022,Q4,20221219
2022-12-20,202212,2022-12,December,2022,Q4,20221220
2022-12-21,202212,2022-12,December,2022,Q4,20221221
2022-12-22,202212,2022-12,December,2022,Q4,20221222
2022-12-23,202212,2022-12,December,2022,Q4,20221223
2022-12-24,202212,2022-12,December,2022,Q4,20221224
2022-12-25,202212,2022-12,December,2022,Q4,20221225
2022-12-26,202212,2022-12,December,2022,Q4,20221226
2022-12-27,202212,2022-12,December,2022,Q4,20221227
2022-12-28,202212,2022-12,December,2022,Q4,20221228
2022-12-29,202212,2022-12,December,2022,Q4,20221229
2022-12-30,202212,2022-12,December,2022,Q4,20221230
2022-12-31,202212,2022-12,December,2022,Q4,20221231
2023-01-01,202301,2023-01,January,2023,Q1,20230101
2023-01-02,202301,2023-01,January,2023,Q1,20230102
2023-01-03,202301,2023-01,January,2023,Q1,20230103
2023-01-04,202301,2023-01,January,2023,Q1,20230104
2023-01-05,202301,2023-01,January,2023,Q1,20230105
2023-01-06,202301,2023-01,January,2023,Q1,20230106
2023-01-07,202301,2023-01,January,2023,Q1,20230107
2023-01-08,202301,2023-01,January,2023,Q1,20230108
2023-01-09,202301,2023-01,January,2023,Q1,20230109
2023-01-10,202301,2023-01,January,2023,Q1,20230110
2023-01-11,202301,2023-01,January,2023,Q1,20230111
2023-01-12,202301,2023-01,January,2023,Q1,20230112
2023-01-13,202301,2023-01,January,2023,Q1,20230113
2023-01-14,202301,2023-01,January,2023,Q1,20230114
2023-01-15,202301,2023-01,January,2023,Q1,20230115
2023-01-16,202301,2023-01,January,2023,Q1,20230116
2023-01-17,202301,2023-01,January,2023,Q1,20230117
2023-01-18,202301,2023-01,January,2023,Q1,20230118
2023-01-19,202301,2023-01,January,2023,Q1,20230119
2023-01-20,202301,2023-01,January,2023,Q1,20230120
2023-01-21,202301,2023-01,January,2023,Q1,20230121
2023-01-22,202301,2023-01,January,2023,Q1,20230122
2023-01-23,202301,2023-01,January,2023,Q1,20230123
2023-01-24,202301,2023-01,January,2023,Q1,20230124
2023-01-25,202301,2023-01,January,2023,Q1,20230125
2023-01-26,202301,2023-01,January,2023,Q1,20230126
2023-01-27,202301,2023-01,January,2023,Q1,20230127
2023-01-28,202301,2023-01,January,2023,Q1,20230128
2023-01-29,202301,2023-01,January,2023,Q1,20230129
2023-01-30,202301,2023-01,January,2023,Q1,20230130
2023-01-31,202301,2023-01,January,2023,Q1,20230131
2023-02-01,202302,2023-02,February,2023,Q1,20230201
2023-02-02,202302,2023-02,February,2023,Q1,20230202
2023-02-03,202302,2023-02,February,2023,Q1,20230203
2023-02-04,202302,2023-02,February,2023,Q1,20230204
2023-02-05,202302,2023-02,February,2023,Q1,20230205
2023-02-06,202302,2023-02,February,2023,Q1,20230206
2023-02-07,202302,2023-02,February,2023,Q1,20230207
2023-02-08,202302,2023-02,February,2023,Q1,20230208
2023-02-09,202302,2023-02,February,2023,Q1,20230209
2023-02-10,202302,2023-02,February,2023,Q1,20230210
2023-02-11,202302,2023-02,February,2023,Q1,20230211
2023-02-12,202302,2023-02,February,2023,Q1,20230212
2023-02-13,202302,2023-02,February,2023,Q1,20230213
2023-02-14,202302,2023-02,February,2023,Q1,20230214
2023-02-15,202302,2023-02,February,2023,Q1,20230215
2023-02-16,202302,2023-02,February,2023,Q1,20230216
2023-02-17,202302,2023-02,February,2023,Q1,20230217
2023-02-18,202302,2023-02,February,2023,Q1,20230218
2023-02-19,202302,2023-02,February,2023,Q1,20230219
2023-02-20,202302,2023-02,February,2023,Q1,20230220
2023-02-21,202302,2023-02,February,2023,Q1,20230221
2023-02-22,202302,2023-02,February,2023,Q1,20230222
2023-02-23,202302,2023-02,February,2023,Q1,20230223
2023-02-24,202302,2023-02,February,2023,Q1,20230224
2023-02-25,202302,2023-02,February,2023,Q1,20230225
2023-02-26,202302,2023-02,February,2023,Q1,20230226
2023-02-27,202302,2023-02,February,2023,Q1,20230227
2023-02-28,202302,2023-02,February,2023,Q1,20230228
2023-03-01,202303,2023-03,March,2023,Q1,20230301
2023-03-02,202303,2023-03,March,2023,Q1,20230302
2023-03-03,202303,2023-03,March,2023,Q1,20230303
2023-03-04,202303,2023-03,March,2023,Q1,20230304
2023-03-05,202303,2023-03,March,2023,Q1,20230305
2023-03-06,202303,2023-03,March,2023,Q1,20230306
2023-03-07,202303,2023-03,March,2023,Q1,20230307
2023-03-08,202303,2023-03,March,2023,Q1,20230308
2023-03-09,202303,2023-03,March,2023,Q1,20230309
2023-03-10,202303,2023-03,March,2023,Q1,20230310
2023-03-11,202303,2023-03,March,2023,Q1,20230311
2023-03-12,202303,2023-03,March,2023,Q1,20230312
2023-03-13,202303,2023-03,March,2023,Q1,20230313
2023-03-14,202303,2023-03,March,2023,Q1,20230314
2023-03-15,202303,2023-03,March,2023,Q1,20230315
2023-03-16,202303,2023-03,March,2023,Q1,20230316
2023-03-17,202303,2023-03,March,2023,Q1,20230317
2023-03-18,202303,2023-03,March,2023,Q1,20230318
2023-03-19,202303,2023-03,March,2023,Q1,20230319
2023-03-20,202303,2023-03,March,2023,Q1,20230320
2023-03-21,202303,2023-03,March,2023,Q1,20230321
2023-03-22,202303,2023-03,March,2023,Q1,20230322
2023-03-23,202303,2023-03,March,2023,Q1,20230323
2023-03-24,202303,2023-03,March,2023,Q1,20230324
2023-03-25,202303,2023-03,March,2023,Q1,20230325
2023-03-26,202303,2023-03,March,2023,Q1,20230326
2023-03-27,202303,2023-03,March,2023,Q1,20230327
2023-03-28,202303,2023-03,March,2023,Q1,20230328
2023-03-29,202303,2023-03,March,2023,Q1,20230329
2023-03-30,202303,2023-03,March,2023,Q1,20230330
2023-03-31,202303,2023-03,March,2023,Q1,20230331
2023-04-01,202304,2023-04,April,2023,Q2,20230401
2023-04-02,202304,2023-04,April,2023,Q2,20230402
2023-04-03,202304,2023-04,April,2023,Q2,20230403
2023-04-04,202304,2023-04,April,2023,Q2,20230404
2023-04-05,202304,2023-04,April,2023,Q2,20230405
2023-04-06,202304,2023-04,April,2023,Q2,20230406
2023-04-07,202304,2023-04,April,2023,Q2,20230407
2023-04-08,202304,2023-04,April,2023,Q2,20230408
2023-04-09,202304,2023-04,April,2023,Q2,20230409
2023-04-10,202304,2023-04,April,2023,Q2,20230410
2023-04-11,202304,2023-04,April,2023,Q2,20230411
2023-04-12,202304,2023-04,April,2023,Q2,20230412
2023-04-13,202304,2023-04,April,2023,Q2,20230413
2023-04-14,202304,2023-04,April,2023,Q2,20230414
2023-04-15,202304,2023-04,April,2023,Q2,20230415
2023-04-16,202304,2023-04,April,2023,Q2,20230416
2023-04-17,202304,2023-04,April,2023,Q2,20230417
2023-04-18,202304,2023-04,April,2023,Q2,20230418
2023-04-19,202304,2023-04,April,2023,Q2,20230419
2023-04-20,202304,2023-04,April,2023,Q2,20230420
2023-04-21,202304,2023-04,April,2023,Q2,20230421
2023-04-22,202304,2023-04,April,2023,Q2,20230422
2023-04-23,202304,2023-04,April,2023,Q2,20230423
2023-04-24,202304,2023-04,April,2023,Q2,20230424
2023-04-25,202304,2023-04,April,2023,Q2,20230425
2023-04-26,202304,2023-04,April,2023,Q2,20230426
2023-04-27,202304,2023-04,April,2023,Q2,20230427
2023-04-28,202304,2023-04,April,2023,Q2,20230428
2023-04-29,202304,2023-04,April,2023,Q2,20230429
2023-04-30,202304,2023-04,April,2023,Q2,20230430
2023-05-01,202305,2023-05,May,2023,Q2,20230501
2023-05-02,202305,2023-05,May,2023,Q2,20230502
2023-05-03,202305,2023-05,May,2023,Q2,20230503
2023-05-04,202305,2023-05,May,2023,Q2,20230504
2023-05-05,202305,2023-05,May,2023,Q2,20230505
2023-05-06,202305,2023-05,May,2023,Q2,20230506
2023-05-07,202305,2023-05,May,2023,Q2,20230507
2023-05-08,202305,2023-05,May,2023,Q2,20230508
2023-05-09,202305,2023-05,May,2023,Q2,20230509
2023-05-10,202305,2023-05,May,2023,Q2,20230510
2023-05-11,202305,2023-05,May,2023,Q2,20230511
2023-05-12,202305,2023-05,May,2023,Q2,20230512
2023-05-13,202305,2023-05,May,2023,Q2,20230513
2023-05-14,202305,2023-05,May,2023,Q2,20230514
2023-05-15,202305,2023-05,May,2023,Q2,20230515
2023-05-16,202305,2023-05,May,2023,Q2,20230516
2023-05-17,202305,2023-05,May,2023,Q2,20230517
2023-05-18,202305,2023-05,May,2023,Q2,20230518
2023-05-19,202305,2023-05,May,2023,Q2,20230519
2023-05-20,202305,2023-05,May,2023,Q2,20230520
2023-05-21,202305,2023-05,May,2023,Q2,20230521
2023-05-22,202305,2023-05,May,2023,Q2,20230522
2023-05-23,202305,2023-05,May,2023,Q2,20230523
2023-05-24,202305,2023-05,May,2023,Q2,20230524
2023-05-25,202305,2023-05,May,2023,Q2,20230525
2023-05-26,202305,2023-05,May,2023,Q2,20230526
2023-05-27,202305,2023-05,May,2023,Q2,20230527
2023-05-28,202305,2023-05,May,2023,Q2,20230528
2023-05-29,202305,2023-05,May,2023,Q2,20230529
2023-05-30,202305,2023-05,May,2023,Q2,20230530
2023-05-31,202305,2023-05,May,2023,Q2,20230531
2023-06-01,202306,2023-06,June,2023,Q2,20230601
2023-06-02,202306,2023-06,June,2023,Q2,20230602
2023-06-03,202306,2023-06,June,2023,Q2,20230603
2023-06-04,202306,2023-06,June,2023,Q2,20230604
2023-06-05,202306,2023-06,June,2023,Q2,20230605
2023-06-06,202306,2023-06,June,2023,Q2,20230606
2023-06-07,202306,2023-06,June,2023,Q2,20230607
2023-06-08,202306,2023-06,June,2023,Q2,20230608
2023-06-09,202306,2023-06,June,2023,Q2,20230609
2023-06-10,202306,2023-06,June,2023,Q2,20230610
2023-06-11,202306,2023-06,June,2023,Q2,20230611
2023-06-12,202306,2023-06,June,2023,Q2,20230612
2023-06-13,202306,2023-06,June,2023,Q2,20230613
2023-06-14,202306,2023-06,June,2023,Q2,20230614
2023-06-15,202306,2023-06,June,2023,Q2,20230615
2023-06-16,202306,2023-06,June,2023,Q2,20230616
2023-06-17,202306,2023-06,June,2023,Q2,20230617
2023-06-18,202306,2023-06,June,2023,Q2,20230618
2023-06-19,202306,2023-06,June,2023,Q2,20230619
2023-06-20,202306,2023-06,June,2023,Q2,20230620
2023-06-21,202306,2023-06,June,2023,Q2,20230621
2023-06-22,202306,2023-06,June,2023,Q2,20230622
2023-06-23,202306,2023-06,June,2023,Q2,20230623
2023-06-24,202306,2023-06,June,2023,Q2,20230624
2023-06-25,202306,2023-06,June,2023,Q2,20230625
2023-06-26,202306,2023-06,June,2023,Q2,20230626
2023-06-27,202306,2023-06,June,2023,Q2,20230627
2023-06-28,202306,2023-06,June,2023,Q2,20230628
2023-06-29,202306,2023-06,June,2023,Q2,20230629
2023-06-30,202306,2023-06,June,2023,Q2,20230630
2023-07-01,202307,2023-07,July,2023,Q3,20230701
2023-07-02,202307,2023-07,July,2023,Q3,20230702
2023-07-03,202307,2023-07,July,2023,Q3,20230703
2023-07-04,202307,2023-07,July,2023,Q3,20230704
2023-07-05,202307,2023-07,July,2023,Q3,20230705
2023-07-06,202307,2023-07,July,2023,Q3,20230706
2023-07-07,202307,2023-07,July,2023,Q3,20230707
2023-07-08,202307,2023-07,July,2023,Q3,20230708
2023-07-09,202307,2023-07,July,2023,Q3,20230709
2023-07-10,202307,2023-07,July,2023,Q3,20230710
2023-07-11,202307,2023-07,July,2023,Q3,20230711
2023-07-12,202307,2023-07,July,2023,Q3,20230712
2023-07-13,202307,2023-07,July,2023,Q3,20230713
2023-07-14,202307,2023-07,July,2023,Q3,20230714
2023-07-15,202307,2023-07,July,2023,Q3,20230715
2023-07-16,202307,2023-07,July,2023,Q3,20230716
2023-07-17,202307,2023-07,July,2023,Q3,20230717
2023-07-18,202307,2023-07,July,2023,Q3,20230718
2023-07-19,202307,2023-07,July,2023,Q3,20230719
2023-07-20,202307,2023-07,July,2023,Q3,20230720
2023-07-21,202307,2023-07,July,2023,Q3,20230721
2023-07-22,202307,2023-07,July,2023,Q3,20230722
2023-07-23,202307,2023-07,July,2023,Q3,20230723
2023-07-24,202307,2023-07,July,2023,Q3,20230724
2023-07-25,202307,2023-07,July,2023,Q3,20230725
2023-07-26,202307,2023-07,July,2023,Q3,20230726
2023-07-27,202307,2023-07,July,2023,Q3,20230727
2023-07-28,202307,2023-07,July,2023,Q3,20230728
2023-07-29,202307,2023-07,July,2023,Q3,20230729
2023-07-30,202307,2023-07,July,2023,Q3,20230730
2023-07-31,202307,2023-07,July,2023,Q3,20230731
2023-08-01,202308,2023-08,August,2023,Q3,20230801
2023-08-02,202308,2023-08,August,2023,Q3,20230802
2023-08-03,202308,2023-08,August,2023,Q3,20230803
2023-08-04,202308,2023-08,August,2023,Q3,20230804
2023-08-05,202308,2023-08,August,2023,Q3,20230805
2023-08-06,202308,2023-08,August,2023,Q3,20230806
2023-08-07,202308,2023-08,August,2023,Q3,20230807
2023-08-08,202308,2023-08,August,2023,Q3,20230808
2023-08-09,202308,2023-08,August,2023,Q3,20230809
2023-08-10,202308,2023-08,August,2023,Q3,20230810
2023-08-11,202308,2023-08,August,2023,Q3,20230811
2023-08-12,202308,2023-08,August,2023,Q3,20230812
2023-08-13,202308,2023-08,August,2023,Q3,20230813
2023-08-14,202308,2023-08,August,2023,Q3,20230814
2023-08-15,202308,2023-08,August,2023,Q3,20230815
2023-08-16,202308,2023-08,August,2023,Q3,20230816
2023-08-17,202308,2023-08,August,2023,Q3,20230817
2023-08-18,202308,2023-08,August,2023,Q3,20230818
2023-08-19,202308,2023-08,August,2023,Q3,20230819
2023-08-20,202308,2023-08,August,2023,Q3,20230820
2023-08-21,202308,2023-08,August,2023,Q3,20230821
2023-08-22,202308,2023-08,August,2023,Q3,20230822
2023-08-23,202308,2023-08,August,2023,Q3,20230823
2023-08-24,202308,2023-08,August,2023,Q3,20230824
2023-08-25,202308,2023-08,August,2023,Q3,20230825
2023-08-26,202308,2023-08,August,2023,Q3,20230826
2023-08-27,202308,2023-08,August,2023,Q3,20230827
2023-08-28,202308,2023-08,August,2023,Q3,20230828
2023-08-29,202308,2023-08,August,2023,Q3,20230829
2023-08-30,202308,2023-08,August,2023,Q3,20230830
2023-08-31,202308,2023-08,August,2023,Q3,20230831
2023-09-01,202309,2023-09,September,2023,Q3,20230901
2023-09-02,202309,2023-09,September,2023,Q3,20230902
2023-09-03,202309,2023-09,September,2023,Q3,20230903
2023-09-04,202309,2023-09,September,2023,Q3,20230904
2023-09-05,202309,2023-09,September,2023,Q3,20230905
2023-09-06,202309,2023-09,September,2023,Q3,20230906
2023-09-07,202309,2023-09,September,2023,Q3,20230907
2023-09-08,202309,2023-09,September,2023,Q3,20230908
2023-09-09,202309,2023-09,September,2023,Q3,20230909
2023-09-10,202309,2023-09,September,2023,Q3,20230910
2023-09-11,202309,2023-09,September,2023,Q3,20230911
2023-09-12,202309,2023-09,September,2023,Q3,20230912
2023-09-13,202309,2023-09,September,2023,Q3,20230913
2023-09-14,202309,2023-09,September,2023,Q3,20230914
2023-09-15,202309,2023-09,September,2023,Q3,20230915
2023-09-16,202309,2023-09,September,2023,Q3,20230916
2023-09-17,202309,2023-09,September,2023,Q3,20230917
2023-09-18,202309,2023-09,September,2023,Q3,20230918
2023-09-19,202309,2023-09,September,2023,Q3,20230919
2023-09-20,202309,2023-09,September,2023,Q3,20230920
2023-09-21,202309,2023-09,September,2023,Q3,20230921
2023-09-22,202309,2023-09,September,2023,Q3,20230922
2023-09-23,202309,2023-09,September,2023,Q3,20230923
2023-09-24,202309,2023-09,September,2023,Q3,20230924
2023-09-25,202309,2023-09,September,2023,Q3,20230925
2023-09-26,202309,2023-09,September,2023,Q3,20230926
2023-09-27,202309,2023-09,September,2023,Q3,20230927
2023-09-28,202309,2023-09,September,2023,Q3,20230928
2023-09-29,202309,2023-09,September,2023,Q3,20230929
2023-09-30,202309,2023-09,September,2023,Q3,20230930
2023-10-01,202310,2023-10,October,2023,Q4,20231001
2023-10-02,202310,2023-10,October,2023,Q4,20231002
2023-10-03,202310,2023-10,October,2023,Q4,20231003
2023-10-04,202310,2023-10,October,2023,Q4,20231004
2023-10-05,202310,2023-10,October,2023,Q4,20231005
2023-10-06,202310,2023-10,October,2023,Q4,20231006
2023-10-07,202310,2023-10,October,2023,Q4,20231007
2023-10-08,202310,2023-10,October,2023,Q4,20231008
2023-10-09,202310,2023-10,October,2023,Q4,20231009
2023-10-10,202310,2023-10,October,2023,Q4,20231010
2023-10-11,202310,2023-10,October,2023,Q4,20231011
2023-10-12,202310,2023-10,October,2023,Q4,20231012
2023-10-13,202310,2023-10,October,2023,Q4,20231013
2023-10-14,202310,2023-10,October,2023,Q4,20231014
2023-10-15,202310,2023-10,October,2023,Q4,20231015
2023-10-16,202310,2023-10,October,2023,Q4,20231016
2023-10-17,202310,2023-10,October,2023,Q4,20231017
2023-10-18,202310,2023-10,October,2023,Q4,20231018
2023-10-19,202310,2023-10,October,2023,Q4,20231019
2023-10-20,202310,2023-10,October,2023,Q4,20231020
2023-10-21,202310,2023-10,October,2023,Q4,20231021
2023-10-22,202310,2023-10,October,2023,Q4,20231022
2023-10-23,202310,2023-10,October,2023,Q4,20231023
2023-10-24,202310,2023-10,October,2023,Q4,20231024
2023-10-25,202310,2023-10,October,2023,Q4,20231025
2023-10-26,202310,2023-10,October,2023,Q4,20231026
2023-10-27,202310,2023-10,October,2023,Q4,20231027
2023-10-28,202310,2023-10,October,2023,Q4,20231028
2023-10-29,202310,2023-10,October,2023,Q4,20231029
2023-10-30,202310,2023-10,October,2023,Q4,20231030
2023-10-31,202310,2023-10,October,2023,Q4,20231031
2023-11-01,202311,2023-11,November,2023,Q4,20231101
2023-11-02,202311,2023-11,November,2023,Q4,20231102
2023-11-03,202311,2023-11,November,2023,Q4,20231103
2023-11-04,202311,2023-11,November,2023,Q4,20231104
2023-11-05,202311,2023-11,November,2023,Q4,20231105
2023-11-06,202311,2023-11,November,2023,Q4,20231106
2023-11-07,202311,2023-11,November,2023,Q4,20231107
2023-11-08,202311,2023-11,November,2023,Q4,20231108
2023-11-09,202311,2023-11,November,2023,Q4,20231109
2023-11-10,202311,2023-11,November,2023,Q4,20231110
2023-11-11,202311,2023-11,November,2023,Q4,20231111
2023-11-12,202311,2023-11,November,2023,Q4,20231112
2023-11-13,202311,2023-11,November,2023,Q4,20231113
2023-11-14,202311,2023-11,November,2023,Q4,20231114
2023-11-15,202311,2023-11,November,2023,Q4,20231115
2023-11-16,202311,2023-11,November,2023,Q4,20231116
2023-11-17,202311,2023-11,November,2023,Q4,20231117
2023-11-18,202311,2023-11,November,2023,Q4,20231118
2023-11-19,202311,2023-11,November,2023,Q4,20231119
2023-11-20,202311,2023-11,November,2023,Q4,20231120
2023-11-21,202311,2023-11,November,2023,Q4,20231121
2023-11-22,202311,2023-11,November,2023,Q4,20231122
2023-11-23,202311,2023-11,November,2023,Q4,20231123
2023-11-24,202311,2023-11,November,2023,Q4,20231124
2023-11-25,202311,2023-11,November,2023,Q4,20231125
2023-11-26,202311,2023-11,November,2023,Q4,20231126
2023-11-27,202311,2023-11,November,2023,Q4,20231127
2023-11-28,202311,2023-11,November,2023,Q4,20231128
2023-11-29,202311,2023-11,November,2023,Q4,20231129
2023-11-30,202311,2023-11,November,2023,Q4,20231130
2023-12-01,202312,2023-12,December,2023,Q4,20231201
2023-12-02,202312,2023-12,December,2023,Q4,20231202
2023-12-03,202312,2023-12,December,2023,Q4,20231203
2023-12-04,202312,2023-12,December,2023,Q4,20231204
2023-12-05,202312,2023-12,December,2023,Q4,20231205
2023-12-06,202312,2023-12,December,2023,Q4,20231206
2023-12-07,202312,2023-12,December,2023,Q4,20231207
2023-12-08,202312,2023-12,December,2023,Q4,20231208
2023-12-09,202312,2023-12,December,2023,Q4,20231209
2023-12-10,202312,2023-12,December,2023,Q4,20231210
2023-12-11,202312,2023-12,December,2023,Q4,20231211
2023-12-12,202312,2023-12,December,2023,Q4,20231212
2023-12-13,202312,2023-12,December,2023,Q4,20231213
2023-12-14,202312,2023-12,December,2023,Q4,20231214
2023-12-15,202312,2023-12,December,2023,Q4,20231215
2023-12-16,202312,2023-12,December,2023,Q4,20231216
2023-12-17,202312,2023-12,December,2023,Q4,20231217
2023-12-18,202312,2023-12,December,2023,Q4,20231218
2023-12-19,202312,2023-12,December,2023,Q4,20231219
2023-12-20,202312,2023-12,December,2023,Q4,20231220
2023-12-21,202312,2023-12,December,2023,Q4,20231221
2023-12-22,202312,2023-12,December,2023,Q4,20231222
2023-12-23,202312,2023-12,December,2023,Q4,20231223
2023-12-24,202312,2023-12,December,2023,Q4,20231224
2023-12-25,202312,2023-12,December,2023,Q4,20231225
2023-12-26,202312,2023-12,December,2023,Q4,20231226
2023-12-27,202312,2023-12,December,2023,Q4,20231227
2023-12-28,202312,2023-12,December,2023,Q4,20231228
2023-12-29,202312,2023-12,December,2023,Q4,20231229
2023-12-30,202312,2023-12,December,2023,Q4,20231230
2023-12-31,202312,2023-12,December,2023,Q4,20231231
2024-01-01,202401,2024-01,January,2024,Q1,20240101
2024-01-02,202401,2024-01,January,2024,Q1,20240102
2024-01-03,202401,2024-01,January,2024,Q1,20240103
2024-01-04,202401,2024-01,January,2024,Q1,20240104
2024-01-05,202401,2024-01,January,2024,Q1,20240105
2024-01-06,202401,2024-01,January,2024,Q1,20240106
2024-01-07,202401,2024-01,January,2024,Q1,20240107
2024-01-08,202401,2024-01,January,2024,Q1,20240108
2024-01-09,202401,2024-01,January,2024,Q1,20240109
2024-01-10,202401,2024-01,January,2024,Q1,20240110
2024-01-11,202401,2024-01,January,2024,Q1,20240111
2024-01-12,202401,2024-01,January,2024,Q1,20240112
2024-01-13,202401,2024-01,January,2024,Q1,20240113
2024-01-14,202401,2024-01,January,2024,Q1,20240114
2024-01-15,202401,2024-01,January,2024,Q1,20240115
2024-01-16,202401,2024-01,January,2024,Q1,20240116
2024-01-17,202401,2024-01,January,2024,Q1,20240117
2024-01-18,202401,2024-01,January,2024,Q1,20240118
2024-01-19,202401,2024-01,January,2024,Q1,20240119
2024-01-20,202401,2024-01,January,2024,Q1,20240120
2024-01-21,202401,2024-01,January,2024,Q1,20240121
2024-01-22,202401,2024-01,January,2024,Q1,20240122
2024-01-23,202401,2024-01,January,2024,Q1,20240123
2024-01-24,202401,2024-01,January,2024,Q1,20240124
2024-01-25,202401,2024-01,January,2024,Q1,20240125
2024-01-26,202401,2024-01,January,2024,Q1,20240126
2024-01-27,202401,2024-01,January,2024,Q1,20240127
2024-01-28,202401,2024-01,January,2024,Q1,20240128
2024-01-29,202401,2024-01,January,2024,Q1,20240129
2024-01-30,202401,2024-01,January,2024,Q1,20240130
2024-01-31,202401,2024-01,January,2024,Q1,20240131
2024-02-01,202402,2024-02,February,2024,Q1,20240201
2024-02-02,202402,2024-02,February,2024,Q1,20240202
2024-02-03,202402,2024-02,February,2024,Q1,20240203
2024-02-04,202402,2024-02,February,2024,Q1,20240204
2024-02-05,202402,2024-02,February,2024,Q1,20240205
2024-02-06,202402,2024-02,February,2024,Q1,20240206
2024-02-07,202402,2024-02,February,2024,Q1,20240207
2024-02-08,202402,2024-02,February,2024,Q1,20240208
2024-02-09,202402,2024-02,February,2024,Q1,20240209
2024-02-10,202402,2024-02,February,2024,Q1,20240210
2024-02-11,202402,2024-02,February,2024,Q1,20240211
2024-02-12,202402,2024-02,February,2024,Q1,20240212
2024-02-13,202402,2024-02,February,2024,Q1,20240213
2024-02-14,202402,2024-02,February,2024,Q1,20240214
2024-02-15,202402,2024-02,February,2024,Q1,20240215
2024-02-16,202402,2024-02,February,2024,Q1,20240216
2024-02-17,202402,2024-02,February,2024,Q1,20240217
2024-02-18,202402,2024-02,February,2024,Q1,20240218
2024-02-19,202402,2024-02,February,2024,Q1,20240219
2024-02-20,202402,2024-02,February,2024,Q1,20240220
2024-02-21,202402,2024-02,February,2024,Q1,20240221
2024-02-22,202402,2024-02,February,2024,Q1,20240222
2024-02-23,202402,2024-02,February,2024,Q1,20240223
2024-02-24,202402,2024-02,February,2024,Q1,20240224
2024-02-25,202402,2024-02,February,2024,Q1,20240225
2024-02-26,202402,2024-02,February,2024,Q1,20240226
2024-02-27,202402,2024-02,February,2024,Q1,20240227
2024-02-28,202402,2024-02,February,2024,Q1,20240228
2024-02-29,202402,2024-02,February,2024,Q1,20240229
2024-03-01,202403,2024-03,March,2024,Q1,20240301
2024-03-02,202403,2024-03,March,2024,Q1,20240302
2024-03-03,202403,2024-03,March,2024,Q1,20240303
2024-03-04,202403,2024-03,March,2024,Q1,20240304
2024-03-05,202403,2024-03,March,2024,Q1,20240305
2024-03-06,202403,2024-03,March,2024,Q1,20240306
2024-03-07,202403,2024-03,March,2024,Q1,20240307
2024-03-08,202403,2024-03,March,2024,Q1,20240308
2024-03-09,202403,2024-03,March,2024,Q1,20240309
2024-03-10,202403,2024-03,March,2024,Q1,20240310
2024-03-11,202403,2024-03,March,2024,Q1,20240311
2024-03-12,202403,2024-03,March,2024,Q1,20240312
2024-03-13,202403,2024-03,March,2024,Q1,20240313
2024-03-14,202403,2024-03,March,2024,Q1,20240314
2024-03-15,202403,2024-03,March,2024,Q1,20240315
2024-03-16,202403,2024-03,March,2024,Q1,20240316
2024-03-17,202403,2024-03,March,2024,Q1,20240317
2024-03-18,202403,2024-03,March,2024,Q1,20240318
2024-03-19,202403,2024-03,March,2024,Q1,20240319
2024-03-20,202403,2024-03,March,2024,Q1,20240320
2024-03-21,202403,2024-03,March,2024,Q1,20240321
2024-03-22,202403,2024-03,March,2024,Q1,20240322
2024-03-23,202403,2024-03,March,2024,Q1,20240323
2024-03-24,202403,2024-03,March,2024,Q1,20240324
2024-03-25,202403,2024-03,March,2024,Q1,20240325
2024-03-26,202403,2024-03,March,2024,Q1,20240326
2024-03-27,202403,2024-03,March,2024,Q1,20240327
2024-03-28,202403,2024-03,March,2024,Q1,20240328
2024-03-29,202403,2024-03,March,2024,Q1,20240329
2024-03-30,202403,2024-03,March,2024,Q1,20240330
2024-03-31,202403,2024-03,March,2024,Q1,20240331
2024-04-01,202404,2024-04,April,2024,Q2,20240401
2024-04-02,202404,2024-04,April,2024,Q2,20240402
2024-04-03,202404,2024-04,April,2024,Q2,20240403
2024-04-04,202404,2024-04,April,2024,Q2,20240404
2024-04-05,202404,2024-04,April,2024,Q2,20240405
2024-04-06,202404,2024-04,April,2024,Q2,20240406
2024-04-07,202404,2024-04,April,2024,Q2,20240407
2024-04-08,202404,2024-04,April,2024,Q2,20240408
2024-04-09,202404,2024-04,April,2024,Q2,20240409
2024-04-10,202404,2024-04,April,2024,Q2,20240410
2024-04-11,202404,2024-04,April,2024,Q2,20240411
2024-04-12,202404,2024-04,April,2024,Q2,20240412
2024-04-13,202404,2024-04,April,2024,Q2,20240413
2024-04-14,202404,2024-04,April,2024,Q2,20240414
2024-04-15,202404,2024-04,April,2024,Q2,20240415
2024-04-16,202404,2024-04,April,2024,Q2,20240416
2024-04-17,202404,2024-04,April,2024,Q2,20240417
2024-04-18,202404,2024-04,April,2024,Q2,20240418
2024-04-19,202404,2024-04,April,2024,Q2,20240419
2024-04-20,202404,2024-04,April,2024,Q2,20240420
2024-04-21,202404,2024-04,April,2024,Q2,20240421
2024-04-22,202404,2024-04,April,2024,Q2,20240422
2024-04-23,202404,2024-04,April,2024,Q2,20240423
2024-04-24,202404,2024-04,April,2024,Q2,20240424
2024-04-25,202404,2024-04,April,2024,Q2,20240425
2024-04-26,202404,2024-04,April,2024,Q2,20240426
2024-04-27,202404,2024-04,April,2024,Q2,20240427
2024-04-28,202404,2024-04,April,2024,Q2,20240428
2024-04-29,202404,2024-04,April,2024,Q2,20240429
2024-04-30,202404,2024-04,April,2024,Q2,20240430
2024-05-01,202405,2024-05,May,2024,Q2,20240501
2024-05-02,202405,2024-05,May,2024,Q2,20240502
2024-05-03,202405,2024-05,May,2024,Q2,20240503
2024-05-04,202405,2024-05,May,2024,Q2,20240504
2024-05-05,202405,2024-05,May,2024,Q2,20240505
2024-05-06,202405,2024-05,May,2024,Q2,20240506
2024-05-07,202405,2024-05,May,2024,Q2,20240507
2024-05-08,202405,2024-05,May,2024,Q2,20240508
2024-05-09,202405,2024-05,May,2024,Q2,20240509
2024-05-10,202405,2024-05,May,2024,Q2,20240510
2024-05-11,202405,2024-05,May,2024,Q2,20240511
2024-05-12,202405,2024-05,May,2024,Q2,20240512
2024-05-13,202405,2024-05,May,2024,Q2,20240513
2024-05-14,202405,2024-05,May,2024,Q2,20240514
2024-05-15,202405,2024-05,May,2024,Q2,20240515
2024-05-16,202405,2024-05,May,2024,Q2,20240516
2024-05-17,202405,2024-05,May,2024,Q2,20240517
2024-05-18,202405,2024-05,May,2024,Q2,20240518
2024-05-19,202405,2024-05,May,2024,Q2,20240519
2024-05-20,202405,2024-05,May,2024,Q2,20240520
2024-05-21,202405,2024-05,May,2024,Q2,20240521
2024-05-22,202405,2024-05,May,2024,Q2,20240522
2024-05-23,202405,2024-05,May,2024,Q2,20240523
2024-05-24,202405,2024-05,May,2024,Q2,20240524
2024-05-25,202405,2024-05,May,2024,Q2,20240525
2024-05-26,202405,2024-05,May,2024,Q2,20240526
2024-05-27,202405,2024-05,May,2024,Q2,20240527
2024-05-28,202405,2024-05,May,2024,Q2,20240528
2024-05-29,202405,2024-05,May,2024,Q2,20240529
2024-05-30,202405,2024-05,May,2024,Q2,20240530
2024-05-31,202405,2024-05,May,2024,Q2,20240531
2024-06-01,202406,2024-06,June,2024,Q2,20240601
2024-06-02,202406,2024-06,June,2024,Q2,20240602
2024-06-03,202406,2024-06,June,2024,Q2,20240603
2024-06-04,202406,2024-06,June,2024,Q2,20240604
2024-06-05,202406,2024-06,June,2024,Q2,20240605
2024-06-06,202406,2024-06,June,2024,Q2,20240606
2024-06-07,202406,2024-06,June,2024,Q2,20240607
2024-06-08,202406,2024-06,June,2024,Q2,20240608
2024-06-09,202406,2024-06,June,2024,Q2,20240609
2024-06-10,202406,2024-06,June,2024,Q2,20240610
2024-06-11,202406,2024-06,June,2024,Q2,20240611
2024-06-12,202406,2024-06,June,2024,Q2,20240612
2024-06-13,202406,2024-06,June,2024,Q2,20240613
2024-06-14,202406,2024-06,June,2024,Q2,20240614
2024-06-15,202406,2024-06,June,2024,Q2,20240615
2024-06-16,202406,2024-06,June,2024,Q2,20240616
2024-06-17,202406,2024-06,June,2024,Q2,20240617
2024-06-18,202406,2024-06,June,2024,Q2,20240618
2024-06-19,202406,2024-06,June,2024,Q2,20240619
2024-06-20,202406,2024-06,June,2024,Q2,20240620
2024-06-21,202406,2024-06,June,2024,Q2,20240621
2024-06-22,202406,2024-06,June,2024,Q2,20240622
2024-06-23,202406,2024-06,June,2024,Q2,20240623
2024-06-24,202406,2024-06,June,2024,Q2,20240624
2024-06-25,202406,2024-06,June,2024,Q2,20240625
2024-06-26,202406,2024-06,June,2024,Q2,20240626
2024-06-27,202406,2024-06,June,2024,Q2,20240627
2024-06-28,202406,2024-06,June,2024,Q2,20240628
2024-06-29,202406,2024-06,June,2024,Q2,20240629
2024-06-30,202406,2024-06,June,2024,Q2,20240630
2024-07-01,202407,2024-07,July,2024,Q3,20240701
2024-07-02,202407,2024-07,July,2024,Q3,20240702
2024-07-03,202407,2024-07,July,2024,Q3,20240703
2024-07-04,202407,2024-07,July,2024,Q3,20240704
2024-07-05,202407,2024-07,July,2024,Q3,20240705
2024-07-06,202407,2024-07,July,2024,Q3,20240706
2024-07-07,202407,2024-07,July,2024,Q3,20240707
2024-07-08,202407,2024-07,July,2024,Q3,20240708
2024-07-09,202407,2024-07,July,2024,Q3,20240709
2024-07-10,202407,2024-07,July,2024,Q3,20240710
2024-07-11,202407,2024-07,July,2024,Q3,20240711
2024-07-12,202407,2024-07,July,2024,Q3,20240712
2024-07-13,202407,2024-07,July,2024,Q3,20240713
2024-07-14,202407,2024-07,July,2024,Q3,20240714
2024-07-15,202407,2024-07,July,2024,Q3,20240715
2024-07-16,202407,2024-07,July,2024,Q3,20240716
2024-07-17,202407,2024-07,July,2024,Q3,20240717
2024-07-18,202407,2024-07,July,2024,Q3,20240718
2024-07-19,202407,2024-07,July,2024,Q3,20240719
2024-07-20,202407,2024-07,July,2024,Q3,20240720
2024-07-21,202407,2024-07,July,2024,Q3,20240721
2024-07-22,202407,2024-07,July,2024,Q3,20240722
2024-07-23,202407,2024-07,July,2024,Q3,20240723
2024-07-24,202407,2024-07,July,2024,Q3,20240724
2024-07-25,202407,2024-07,July,2024,Q3,20240725
2024-07-26,202407,2024-07,July,2024,Q3,20240726
2024-07-27,202407,2024-07,July,2024,Q3,20240727
2024-07-28,202407,2024-07,July,2024,Q3,20240728
2024-07-29,202407,2024-07,July,2024,Q3,20240729
2024-07-30,202407,2024-07,July,2024,Q3,20240730
2024-07-31,202407,2024-07,July,2024,Q3,20240731
2024-08-01,202408,2024-08,August,2024,Q3,20240801
2024-08-02,202408,2024-08,August,2024,Q3,20240802
2024-08-03,202408,2024-08,August,2024,Q3,20240803
2024-08-04,202408,2024-08,August,2024,Q3,20240804
2024-08-05,202408,2024-08,August,2024,Q3,20240805
2024-08-06,202408,2024-08,August,2024,Q3,20240806
2024-08-07,202408,2024-08,August,2024,Q3,20240807
2024-08-08,202408,2024-08,August,2024,Q3,20240808
2024-08-09,202408,2024-08,August,2024,Q3,20240809
2024-08-10,202408,2024-08,August,2024,Q3,20240810
2024-08-11,202408,2024-08,August,2024,Q3,20240811
2024-08-12,202408,2024-08,August,2024,Q3,20240812
2024-08-13,202408,2024-08,August,2024,Q3,20240813
2024-08-14,202408,2024-08,August,2024,Q3,20240814
2024-08-15,202408,2024-08,August,2024,Q3,20240815
2024-08-16,202408,2024-08,August,2024,Q3,20240816
2024-08-17,202408,2024-08,August,2024,Q3,20240817
2024-08-18,202408,2024-08,August,2024,Q3,20240818
2024-08-19,202408,2024-08,August,2024,Q3,20240819
2024-08-20,202408,2024-08,August,2024,Q3,20240820
2024-08-21,202408,2024-08,August,2024,Q3,20240821
2024-08-22,202408,2024-08,August,2024,Q3,20240822
2024-08-23,202408,2024-08,August,2024,Q3,20240823
2024-08-24,202408,2024-08,August,2024,Q3,20240824
2024-08-25,202408,2024-08,August,2024,Q3,20240825
2024-08-26,202408,2024-08,August,2024,Q3,20240826
2024-08-27,202408,2024-08,August,2024,Q3,20240827
2024-08-28,202408,2024-08,August,2024,Q3,20240828
2024-08-29,202408,2024-08,August,2024,Q3,20240829
2024-08-30,202408,2024-08,August,2024,Q3,20240830
2024-08-31,202408,2024-08,August,2024,Q3,20240831
2024-09-01,202409,2024-09,September,2024,Q3,20240901
2024-09-02,202409,2024-09,September,2024,Q3,20240902
2024-09-03,202409,2024-09,September,2024,Q3,20240903
2024-09-04,202409,2024-09,September,2024,Q3,20240904
2024-09-05,202409,2024-09,September,2024,Q3,20240905
2024-09-06,202409,2024-09,September,2024,Q3,20240906
2024-09-07,202409,2024-09,September,2024,Q3,20240907
2024-09-08,202409,2024-09,September,2024,Q3,20240908
2024-09-09,202409,2024-09,September,2024,Q3,20240909
2024-09-10,202409,2024-09,September,2024,Q3,20240910
2024-09-11,202409,2024-09,September,2024,Q3,20240911
2024-09-12,202409,2024-09,September,2024,Q3,20240912
2024-09-13,202409,2024-09,September,2024,Q3,20240913
2024-09-14,202409,2024-09,September,2024,Q3,20240914
2024-09-15,202409,2024-09,September,2024,Q3,20240915
2024-09-16,202409,2024-09,September,2024,Q3,20240916
2024-09-17,202409,2024-09,September,2024,Q3,20240917
2024-09-18,202409,2024-09,September,2024,Q3,20240918
2024-09-19,202409,2024-09,September,2024,Q3,20240919
2024-09-20,202409,2024-09,September,2024,Q3,20240920
2024-09-21,202409,2024-09,September,2024,Q3,20240921
2024-09-22,202409,2024-09,September,2024,Q3,20240922
2024-09-23,202409,2024-09,September,2024,Q3,20240923
2024-09-24,202409,2024-09,September,2024,Q3,20240924
2024-09-25,202409,2024-09,September,2024,Q3,20240925
2024-09-26,202409,2024-09,September,2024,Q3,20240926
2024-09-27,202409,2024-09,September,2024,Q3,20240927
2024-09-28,202409,2024-09,September,2024,Q3,20240928
2024-09-29,202409,2024-09,September,2024,Q3,20240929
2024-09-30,202409,2024-09,September,2024,Q3,20240930
2024-10-01,202410,2024-10,October,2024,Q4,20241001
2024-10-02,202410,2024-10,October,2024,Q4,20241002
2024-10-03,202410,2024-10,October,2024,Q4,20241003
2024-10-04,202410,2024-10,October,2024,Q4,20241004
2024-10-05,202410,2024-10,October,2024,Q4,20241005
2024-10-06,202410,2024-10,October,2024,Q4,20241006
2024-10-07,202410,2024-10,October,2024,Q4,20241007
2024-10-08,202410,2024-10,October,2024,Q4,20241008
2024-10-09,202410,2024-10,October,2024,Q4,20241009
2024-10-10,202410,2024-10,October,2024,Q4,20241010
2024-10-11,202410,2024-10,October,2024,Q4,20241011
2024-10-12,202410,2024-10,October,2024,Q4,20241012
2024-10-13,202410,2024-10,October,2024,Q4,20241013
2024-10-14,202410,2024-10,October,2024,Q4,20241014
2024-10-15,202410,2024-10,October,2024,Q4,20241015
2024-10-16,202410,2024-10,October,2024,Q4,20241016
2024-10-17,202410,2024-10,October,2024,Q4,20241017
2024-10-18,202410,2024-10,October,2024,Q4,20241018
2024-10-19,202410,2024-10,October,2024,Q4,20241019
2024-10-20,202410,2024-10,October,2024,Q4,20241020
2024-10-21,202410,2024-10,October,2024,Q4,20241021
2024-10-22,202410,2024-10,October,2024,Q4,20241022
2024-10-23,202410,2024-10,October,2024,Q4,20241023
2024-10-24,202410,2024-10,October,2024,Q4,20241024
2024-10-25,202410,2024-10,October,2024,Q4,20241025
2024-10-26,202410,2024-10,October,2024,Q4,20241026
2024-10-27,202410,2024-10,October,2024,Q4,20241027
2024-10-28,202410,2024-10,October,2024,Q4,20241028
2024-10-29,202410,2024-10,October,2024,Q4,20241029
2024-10-30,202410,2024-10,October,2024,Q4,20241030
2024-10-31,202410,2024-10,October,2024,Q4,20241031
2024-11-01,202411,2024-11,November,2024,Q4,20241101
2024-11-02,202411,2024-11,November,2024,Q4,20241102
2024-11-03,202411,2024-11,November,2024,Q4,20241103
2024-11-04,202411,2024-11,November,2024,Q4,20241104
2024-11-05,202411,2024-11,November,2024,Q4,20241105
2024-11-06,202411,2024-11,November,2024,Q4,20241106
2024-11-07,202411,2024-11,November,2024,Q4,20241107
2024-11-08,202411,2024-11,November,2024,Q4,20241108
2024-11-09,202411,2024-11,November,2024,Q4,20241109
2024-11-10,202411,2024-11,November,2024,Q4,20241110
2024-11-11,202411,2024-11,November,2024,Q4,20241111
2024-11-12,202411,2024-11,November,2024,Q4,20241112
2024-11-13,202411,2024-11,November,2024,Q4,20241113
2024-11-14,202411,2024-11,November,2024,Q4,20241114
2024-11-15,202411,2024-11,November,2024,Q4,20241115
2024-11-16,202411,2024-11,November,2024,Q4,20241116
2024-11-17,202411,2024-11,November,2024,Q4,20241117
2024-11-18,202411,2024-11,November,2024,Q4,20241118
2024-11-19,202411,2024-11,November,2024,Q4,20241119
2024-11-20,202411,2024-11,November,2024,Q4,20241120
2024-11-21,202411,2024-11,November,2024,Q4,20241121
2024-11-22,202411,2024-11,November,2024,Q4,20241122
2024-11-23,202411,2024-11,November,2024,Q4,20241123
2024-11-24,202411,2024-11,November,2024,Q4,20241124
2024-11-25,202411,2024-11,November,2024,Q4,20241125
2024-11-26,202411,2024-11,November,2024,Q4,20241126
2024-11-27,202411,2024-11,November,2024,Q4,20241127
2024-11-28,202411,2024-11,November,2024,Q4,20241128
2024-11-29,202411,2024-11,November,2024,Q4,20241129
2024-11-30,202411,2024-11,November,2024,Q4,20241130
2024-12-01,202412,2024-12,December,2024,Q4,20241201
2024-12-02,202412,2024-12,December,2024,Q4,20241202
2024-12-03,202412,2024-12,December,2024,Q4,20241203
2024-12-04,202412,2024-12,December,2024,Q4,20241204
2024-12-05,202412,2024-12,December,2024,Q4,20241205
2024-12-06,202412,2024-12,December,2024,Q4,20241206
2024-12-07,202412,2024-12,December,2024,Q4,20241207
2024-12-08,202412,2024-12,December,2024,Q4,20241208
2024-12-09,202412,2024-12,December,2024,Q4,20241209
2024-12-10,202412,2024-12,December,2024,Q4,20241210
2024-12-11,202412,2024-12,December,2024,Q4,20241211
2024-12-12,202412,2024-12,December,2024,Q4,20241212
2024-12-13,202412,2024-12,December,2024,Q4,20241213
2024-12-14,202412,2024-12,December,2024,Q4,20241214
2024-12-15,202412,2024-12,December,2024,Q4,20241215
2024-12-16,202412,2024-12,December,2024,Q4,20241216
2024-12-17,202412,2024-12,December,2024,Q4,20241217
2024-12-18,202412,2024-12,December,2024,Q4,20241218
2024-12-19,202412,2024-12,December,2024,Q4,20241219
2024-12-20,202412,2024-12,December,2024,Q4,20241220
2024-12-21,202412,2024-12,December,2024,Q4,20241221
2024-12-22,202412,2024-12,December,2024,Q4,20241222
2024-12-23,202412,2024-12,December,2024,Q4,20241223
2024-12-24,202412,2024-12,December,2024,Q4,20241224
2024-12-25,202412,2024-12,December,2024,Q4,20241225
2024-12-26,202412,2024-12,December,2024,Q4,20241226
2024-12-27,202412,2024-12,December,2024,Q4,20241227
2024-12-28,202412,2024-12,December,2024,Q4,20241228
2024-12-29,202412,2024-12,December,2024,Q4,20241229
2024-12-30,202412,2024-12,December,2024,Q4,20241230
2024-12-31,202412,2024-12,December,2024,Q4,20241231
2025-01-01,202501,2025-01,January,2025,Q1,20250101
2025-01-02,202501,2025-01,January,2025,Q1,20250102
2025-01-03,202501,2025-01,January,2025,Q1,20250103
2025-01-04,202501,2025-01,January,2025,Q1,20250104
2025-01-05,202501,2025-01,January,2025,Q1,20250105
2025-01-06,202501,2025-01,January,2025,Q1,20250106
2025-01-07,202501,2025-01,January,2025,Q1,20250107
2025-01-08,202501,2025-01,January,2025,Q1,20250108
2025-01-09,202501,2025-01,January,2025,Q1,20250109
2025-01-10,202501,2025-01,January,2025,Q1,20250110
2025-01-11,202501,2025-01,January,2025,Q1,20250111
2025-01-12,202501,2025-01,January,2025,Q1,20250112
2025-01-13,202501,2025-01,January,2025,Q1,20250113
2025-01-14,202501,2025-01,January,2025,Q1,20250114
2025-01-15,202501,2025-01,January,2025,Q1,20250115
2025-01-16,202501,2025-01,January,2025,Q1,20250116
2025-01-17,202501,2025-01,January,2025,Q1,20250117
2025-01-18,202501,2025-01,January,2025,Q1,20250118
2025-01-19,202501,2025-01,January,2025,Q1,20250119
2025-01-20,202501,2025-01,January,2025,Q1,20250120
2025-01-21,202501,2025-01,January,2025,Q1,20250121
2025-01-22,202501,2025-01,January,2025,Q1,20250122
2025-01-23,202501,2025-01,January,2025,Q1,20250123
2025-01-24,202501,2025-01,January,2025,Q1,20250124
2025-01-25,202501,2025-01,January,2025,Q1,20250125
2025-01-26,202501,2025-01,January,2025,Q1,20250126
2025-01-27,202501,2025-01,January,2025,Q1,20250127
2025-01-28,202501,2025-01,January,2025,Q1,20250128
2025-01-29,202501,2025-01,January,2025,Q1,20250129
2025-01-30,202501,2025-01,January,2025,Q1,20250130
2025-01-31,202501,2025-01,January,2025,Q1,20250131
2025-02-01,202502,2025-02,February,2025,Q1,20250201
2025-02-02,202502,2025-02,February,2025,Q1,20250202
2025-02-03,202502,2025-02,February,2025,Q1,20250203
2025-02-04,202502,2025-02,February,2025,Q1,20250204
2025-02-05,202502,2025-02,February,2025,Q1,20250205
2025-02-06,202502,2025-02,February,2025,Q1,20250206
2025-02-07,202502,2025-02,February,2025,Q1,20250207
2025-02-08,202502,2025-02,February,2025,Q1,20250208
2025-02-09,202502,2025-02,February,2025,Q1,20250209
2025-02-10,202502,2025-02,February,2025,Q1,20250210
2025-02-11,202502,2025-02,February,2025,Q1,20250211
2025-02-12,202502,2025-02,February,2025,Q1,20250212
2025-02-13,202502,2025-02,February,2025,Q1,20250213
2025-02-14,202502,2025-02,February,2025,Q1,20250214
2025-02-15,202502,2025-02,February,2025,Q1,20250215
2025-02-16,202502,2025-02,February,2025,Q1,20250216
2025-02-17,202502,2025-02,February,2025,Q1,20250217
2025-02-18,202502,2025-02,February,2025,Q1,20250218
2025-02-19,202502,2025-02,February,2025,Q1,20250219
2025-02-20,202502,2025-02,February,2025,Q1,20250220
2025-02-21,202502,2025-02,February,2025,Q1,20250221
2025-02-22,202502,2025-02,February,2025,Q1,20250222
2025-02-23,202502,2025-02,February,2025,Q1,20250223
2025-02-24,202502,2025-02,February,2025,Q1,20250224
2025-02-25,202502,2025-02,February,2025,Q1,20250225
2025-02-26,202502,2025-02,February,2025,Q1,20250226
2025-02-27,202502,2025-02,February,2025,Q1,20250227
2025-02-28,202502,2025-02,February,2025,Q1,20250228
2025-03-01,202503,2025-03,March,2025,Q1,20250301
2025-03-02,202503,2025-03,March,2025,Q1,20250302
2025-03-03,202503,2025-03,March,2025,Q1,20250303
2025-03-04,202503,2025-03,March,2025,Q1,20250304
2025-03-05,202503,2025-03,March,2025,Q1,20250305
2025-03-06,202503,2025-03,March,2025,Q1,20250306
2025-03-07,202503,2025-03,March,2025,Q1,20250307
2025-03-08,202503,2025-03,March,2025,Q1,20250308
2025-03-09,202503,2025-03,March,2025,Q1,20250309
2025-03-10,202503,2025-03,March,2025,Q1,20250310
2025-03-11,202503,2025-03,March,2025,Q1,20250311
2025-03-12,202503,2025-03,March,2025,Q1,20250312
2025-03-13,202503,2025-03,March,2025,Q1,20250313
2025-03-14,202503,2025-03,March,2025,Q1,20250314
2025-03-15,202503,2025-03,March,2025,Q1,20250315
2025-03-16,202503,2025-03,March,2025,Q1,20250316
2025-03-17,202503,2025-03,March,2025,Q1,20250317
2025-03-18,202503,2025-03,March,2025,Q1,20250318
2025-03-19,202503,2025-03,March,2025,Q1,20250319
2025-03-20,202503,2025-03,March,2025,Q1,20250320
2025-03-21,202503,2025-03,March,2025,Q1,20250321
2025-03-22,202503,2025-03,March,2025,Q1,20250322
2025-03-23,202503,2025-03,March,2025,Q1,20250323
2025-03-24,202503,2025-03,March,2025,Q1,20250324
2025-03-25,202503,2025-03,March,2025,Q1,20250325
2025-03-26,202503,2025-03,March,2025,Q1,20250326
2025-03-27,202503,2025-03,March,2025,Q1,20250327
2025-03-28,202503,2025-03,March,2025,Q1,20250328
2025-03-29,202503,2025-03,March,2025,Q1,20250329
2025-03-30,202503,2025-03,March,2025,Q1,20250330
2025-03-31,202503,2025-03,March,2025,Q1,20250331
2025-04-01,202504,2025-04,April,2025,Q2,20250401
2025-04-02,202504,2025-04,April,2025,Q2,20250402
2025-04-03,202504,2025-04,April,2025,Q2,20250403
2025-04-04,202504,2025-04,April,2025,Q2,20250404
2025-04-05,202504,2025-04,April,2025,Q2,20250405
2025-04-06,202504,2025-04,April,2025,Q2,20250406
2025-04-07,202504,2025-04,April,2025,Q2,20250407
2025-04-08,202504,2025-04,April,2025,Q2,20250408
2025-04-09,202504,2025-04,April,2025,Q2,20250409
2025-04-10,202504,2025-04,April,2025,Q2,20250410
2025-04-11,202504,2025-04,April,2025,Q2,20250411
2025-04-12,202504,2025-04,April,2025,Q2,20250412
2025-04-13,202504,2025-04,April,2025,Q2,20250413
2025-04-14,202504,2025-04,April,2025,Q2,20250414
2025-04-15,202504,2025-04,April,2025,Q2,20250415
2025-04-16,202504,2025-04,April,2025,Q2,20250416
2025-04-17,202504,2025-04,April,2025,Q2,20250417
2025-04-18,202504,2025-04,April,2025,Q2,20250418
2025-04-19,202504,2025-04,April,2025,Q2,20250419
2025-04-20,202504,2025-04,April,2025,Q2,20250420
2025-04-21,202504,2025-04,April,2025,Q2,20250421
2025-04-22,202504,2025-04,April,2025,Q2,20250422
2025-04-23,202504,2025-04,April,2025,Q2,20250423
2025-04-24,202504,2025-04,April,2025,Q2,20250424
2025-04-25,202504,2025-04,April,2025,Q2,20250425
2025-04-26,202504,2025-04,April,2025,Q2,20250426
2025-04-27,202504,2025-04,April,2025,Q2,20250427
2025-04-28,202504,2025-04,April,2025,Q2,20250428
2025-04-29,202504,2025-04,April,2025,Q2,20250429
2025-04-30,202504,2025-04,April,2025,Q2,20250430
2025-05-01,202505,2025-05,May,2025,Q2,20250501
2025-05-02,202505,2025-05,May,2025,Q2,20250502
2025-05-03,202505,2025-05,May,2025,Q2,20250503
2025-05-04,202505,2025-05,May,2025,Q2,20250504
2025-05-05,202505,2025-05,May,2025,Q2,20250505
2025-05-06,202505,2025-05,May,2025,Q2,20250506
2025-05-07,202505,2025-05,May,2025,Q2,20250507
2025-05-08,202505,2025-05,May,2025,Q2,20250508
2025-05-09,202505,2025-05,May,2025,Q2,20250509
2025-05-10,202505,2025-05,May,2025,Q2,20250510
2025-05-11,202505,2025-05,May,2025,Q2,20250511
2025-05-12,202505,2025-05,May,2025,Q2,20250512
2025-05-13,202505,2025-05,May,2025,Q2,20250513
2025-05-14,202505,2025-05,May,2025,Q2,20250514
2025-05-15,202505,2025-05,May,2025,Q2,20250515
2025-05-16,202505,2025-05,May,2025,Q2,20250516
2025-05-17,202505,2025-05,May,2025,Q2,20250517
2025-05-18,202505,2025-05,May,2025,Q2,20250518
2025-05-19,202505,2025-05,May,2025,Q2,20250519
2025-05-20,202505,2025-05,May,2025,Q2,20250520
2025-05-21,202505,2025-05,May,2025,Q2,20250521
2025-05-22,202505,2025-05,May,2025,Q2,20250522
2025-05-23,202505,2025-05,May,2025,Q2,20250523
2025-05-24,202505,2025-05,May,2025,Q2,20250524
2025-05-25,202505,2025-05,May,2025,Q2,20250525
2025-05-26,202505,2025-05,May,2025,Q2,20250526
2025-05-27,202505,2025-05,May,2025,Q2,20250527
2025-05-28,202505,2025-05,May,2025,Q2,20250528
2025-05-29,202505,2025-05,May,2025,Q2,20250529
2025-05-30,202505,2025-05,May,2025,Q2,20250530
2025-05-31,202505,2025-05,May,2025,Q2,20250531
2025-06-01,202506,2025-06,June,2025,Q2,20250601
2025-06-02,202506,2025-06,June,2025,Q2,20250602
2025-06-03,202506,2025-06,June,2025,Q2,20250603
2025-06-04,202506,2025-06,June,2025,Q2,20250604
2025-06-05,202506,2025-06,June,2025,Q2,20250605
2025-06-06,202506,2025-06,June,2025,Q2,20250606
2025-06-07,202506,2025-06,June,2025,Q2,20250607
2025-06-08,202506,2025-06,June,2025,Q2,20250608
2025-06-09,202506,2025-06,June,2025,Q2,20250609
2025-06-10,202506,2025-06,June,2025,Q2,20250610
2025-06-11,202506,2025-06,June,2025,Q2,20250611
2025-06-12,202506,2025-06,June,2025,Q2,20250612
2025-06-13,202506,2025-06,June,2025,Q2,20250613
2025-06-14,202506,2025-06,June,2025,Q2,20250614
2025-06-15,202506,2025-06,June,2025,Q2,20250615
2025-06-16,202506,2025-06,June,2025,Q2,20250616
2025-06-17,202506,2025-06,June,2025,Q2,20250617
2025-06-18,202506,2025-06,June,2025,Q2,20250618
2025-06-19,202506,2025-06,June,2025,Q2,20250619
2025-06-20,202506,2025-06,June,2025,Q2,20250620
2025-06-21,202506,2025-06,June,2025,Q2,20250621
2025-06-22,202506,2025-06,June,2025,Q2,20250622
2025-06-23,202506,2025-06,June,2025,Q2,20250623
2025-06-24,202506,2025-06,June,2025,Q2,20250624
2025-06-25,202506,2025-06,June,2025,Q2,20250625
2025-06-26,202506,2025-06,June,2025,Q2,20250626
2025-06-27,202506,2025-06,June,2025,Q2,20250627
2025-06-28,202506,2025-06,June,2025,Q2,20250628
2025-06-29,202506,2025-06,June,2025,Q2,20250629
2025-06-30,202506,2025-06,June,2025,Q2,20250630
2025-07-01,202507,2025-07,July,2025,Q3,20250701
2025-07-02,202507,2025-07,July,2025,Q3,20250702
2025-07-03,202507,2025-07,July,2025,Q3,20250703
2025-07-04,202507,2025-07,July,2025,Q3,20250704
2025-07-05,202507,2025-07,July,2025,Q3,20250705
2025-07-06,202507,2025-07,July,2025,Q3,20250706
2025-07-07,202507,2025-07,July,2025,Q3,20250707
2025-07-08,202507,2025-07,July,2025,Q3,20250708
2025-07-09,202507,2025-07,July,2025,Q3,20250709
2025-07-10,202507,2025-07,July,2025,Q3,20250710
2025-07-11,202507,2025-07,July,2025,Q3,20250711
2025-07-12,202507,2025-07,July,2025,Q3,20250712
2025-07-13,202507,2025-07,July,2025,Q3,20250713
2025-07-14,202507,2025-07,July,2025,Q3,20250714
2025-07-15,202507,2025-07,July,2025,Q3,20250715
2025-07-16,202507,2025-07,July,2025,Q3,20250716
2025-07-17,202507,2025-07,July,2025,Q3,20250717
2025-07-18,202507,2025-07,July,2025,Q3,20250718
2025-07-19,202507,2025-07,July,2025,Q3,20250719
2025-07-20,202507,2025-07,July,2025,Q3,20250720
2025-07-21,202507,2025-07,July,2025,Q3,20250721
2025-07-22,202507,2025-07,July,2025,Q3,20250722
2025-07-23,202507,2025-07,July,2025,Q3,20250723
2025-07-24,202507,2025-07,July,2025,Q3,20250724
2025-07-25,202507,2025-07,July,2025,Q3,20250725
2025-07-26,202507,2025-07,July,2025,Q3,20250726
2025-07-27,202507,2025-07,July,2025,Q3,20250727
2025-07-28,202507,2025-07,July,2025,Q3,20250728
2025-07-29,202507,2025-07,July,2025,Q3,20250729
2025-07-30,202507,2025-07,July,2025,Q3,20250730
2025-07-31,202507,2025-07,July,2025,Q3,20250731
2025-08-01,202508,2025-08,August,2025,Q3,20250801
2025-08-02,202508,2025-08,August,2025,Q3,20250802
2025-08-03,202508,2025-08,August,2025,Q3,20250803
2025-08-04,202508,2025-08,August,2025,Q3,20250804
2025-08-05,202508,2025-08,August,2025,Q3,20250805
2025-08-06,202508,2025-08,August,2025,Q3,20250806
2025-08-07,202508,2025-08,August,2025,Q3,20250807
2025-08-08,202508,2025-08,August,2025,Q3,20250808
2025-08-09,202508,2025-08,August,2025,Q3,20250809
2025-08-10,202508,2025-08,August,2025,Q3,20250810
2025-08-11,202508,2025-08,August,2025,Q3,20250811
2025-08-12,202508,2025-08,August,2025,Q3,20250812
2025-08-13,202508,2025-08,August,2025,Q3,20250813
2025-08-14,202508,2025-08,August,2025,Q3,20250814
2025-08-15,202508,2025-08,August,2025,Q3,20250815
2025-08-16,202508,2025-08,August,2025,Q3,20250816
2025-08-17,202508,2025-08,August,2025,Q3,20250817
2025-08-18,202508,2025-08,August,2025,Q3,20250818
2025-08-19,202508,2025-08,August,2025,Q3,20250819
2025-08-20,202508,2025-08,August,2025,Q3,20250820
2025-08-21,202508,2025-08,August,2025,Q3,20250821
2025-08-22,202508,2025-08,August,2025,Q3,20250822
2025-08-23,202508,2025-08,August,2025,Q3,20250823
2025-08-24,202508,2025-08,August,2025,Q3,20250824
2025-08-25,202508,2025-08,August,2025,Q3,20250825
2025-08-26,202508,2025-08,August,2025,Q3,20250826
2025-08-27,202508,2025-08,August,2025,Q3,20250827
2025-08-28,202508,2025-08,August,2025,Q3,20250828
2025-08-29,202508,2025-08,August,2025,Q3,20250829
2025-08-30,202508,2025-08,August,2025,Q3,20250830
2025-08-31,202508,2025-08,August,2025,Q3,20250831
2025-09-01,202509,2025-09,September,2025,Q3,20250901
2025-09-02,202509,2025-09,September,2025,Q3,20250902
2025-09-03,202509,2025-09,September,2025,Q3,20250903
2025-09-04,202509,2025-09,September,2025,Q3,20250904
2025-09-05,202509,2025-09,September,2025,Q3,20250905
2025-09-06,202509,2025-09,September,2025,Q3,20250906
2025-09-07,202509,2025-09,September,2025,Q3,20250907
2025-09-08,202509,2025-09,September,2025,Q3,20250908
2025-09-09,202509,2025-09,September,2025,Q3,20250909
2025-09-10,202509,2025-09,September,2025,Q3,20250910
2025-09-11,202509,2025-09,September,2025,Q3,20250911
2025-09-12,202509,2025-09,September,2025,Q3,20250912
2025-09-13,202509,2025-09,September,2025,Q3,20250913
2025-09-14,202509,2025-09,September,2025,Q3,20250914
2025-09-15,202509,2025-09,September,2025,Q3,20250915
2025-09-16,202509,2025-09,September,2025,Q3,20250916
2025-09-17,202509,2025-09,September,2025,Q3,20250917
2025-09-18,202509,2025-09,September,2025,Q3,20250918
2025-09-19,202509,2025-09,September,2025,Q3,20250919
2025-09-20,202509,2025-09,September,2025,Q3,20250920
2025-09-21,202509,2025-09,September,2025,Q3,20250921
2025-09-22,202509,2025-09,September,2025,Q3,20250922
2025-09-23,202509,2025-09,September,2025,Q3,20250923
2025-09-24,202509,2025-09,September,2025,Q3,20250924
2025-09-25,202509,2025-09,September,2025,Q3,20250925
2025-09-26,202509,2025-09,September,2025,Q3,20250926
2025-09-27,202509,2025-09,September,2025,Q3,20250927
2025-09-28,202509,2025-09,September,2025,Q3,20250928
2025-09-29,202509,2025-09,September,2025,Q3,20250929
2025-09-30,202509,2025-09,September,2025,Q3,20250930
2025-10-01,202510,2025-10,October,2025,Q4,20251001
2025-10-02,202510,2025-10,October,2025,Q4,20251002
2025-10-03,202510,2025-10,October,2025,Q4,20251003
2025-10-04,202510,2025-10,October,2025,Q4,20251004
2025-10-05,202510,2025-10,October,2025,Q4,20251005
2025-10-06,202510,2025-10,October,2025,Q4,20251006
2025-10-07,202510,2025-10,October,2025,Q4,20251007
2025-10-08,202510,2025-10,October,2025,Q4,20251008
2025-10-09,202510,2025-10,October,2025,Q4,20251009
2025-10-10,202510,2025-10,October,2025,Q4,20251010
2025-10-11,202510,2025-10,October,2025,Q4,20251011
2025-10-12,202510,2025-10,October,2025,Q4,20251012
2025-10-13,202510,2025-10,October,2025,Q4,20251013
2025-10-14,202510,2025-10,October,2025,Q4,20251014
2025-10-15,202510,2025-10,October,2025,Q4,20251015
2025-10-16,202510,2025-10,October,2025,Q4,20251016
2025-10-17,202510,2025-10,October,2025,Q4,20251017
2025-10-18,202510,2025-10,October,2025,Q4,20251018
2025-10-19,202510,2025-10,October,2025,Q4,20251019
2025-10-20,202510,2025-10,October,2025,Q4,20251020
2025-10-21,202510,2025-10,October,2025,Q4,20251021
2025-10-22,202510,2025-10,October,2025,Q4,20251022
2025-10-23,202510,2025-10,October,2025,Q4,20251023
2025-10-24,202510,2025-10,October,2025,Q4,20251024
2025-10-25,202510,2025-10,October,2025,Q4,20251025
2025-10-26,202510,2025-10,October,2025,Q4,20251026
2025-10-27,202510,2025-10,October,2025,Q4,20251027
2025-10-28,202510,2025-10,October,2025,Q4,20251028
2025-10-29,202510,2025-10,October,2025,Q4,20251029
2025-10-30,202510,2025-10,October,2025,Q4,20251030
2025-10-31,202510,2025-10,October,2025,Q4,20251031
2025-11-01,202511,2025-11,November,2025,Q4,20251101
2025-11-02,202511,2025-11,November,2025,Q4,20251102
2025-11-03,202511,2025-11,November,2025,Q4,20251103
2025-11-04,202511,2025-11,November,2025,Q4,20251104
2025-11-05,202511,2025-11,November,2025,Q4,20251105
2025-11-06,202511,2025-11,November,2025,Q4,20251106
2025-11-07,202511,2025-11,November,2025,Q4,20251107
2025-11-08,202511,2025-11,November,2025,Q4,20251108
2025-11-09,202511,2025-11,November,2025,Q4,20251109
2025-11-10,202511,2025-11,November,2025,Q4,20251110
2025-11-11,202511,2025-11,November,2025,Q4,20251111
2025-11-12,202511,2025-11,November,2025,Q4,20251112
2025-11-13,202511,2025-11,November,2025,Q4,20251113
2025-11-14,202511,2025-11,November,2025,Q4,20251114
2025-11-15,202511,2025-11,November,2025,Q4,20251115
2025-11-16,202511,2025-11,November,2025,Q4,20251116
2025-11-17,202511,2025-11,November,2025,Q4,20251117
2025-11-18,202511,2025-11,November,2025,Q4,20251118
2025-11-19,202511,2025-11,November,2025,Q4,20251119
2025-11-20,202511,2025-11,November,2025,Q4,20251120
2025-11-21,202511,2025-11,November,2025,Q4,20251121
2025-11-22,202511,2025-11,November,2025,Q4,20251122
2025-11-23,202511,2025-11,November,2025,Q4,20251123
2025-11-24,202511,2025-11,November,2025,Q4,20251124
2025-11-25,202511,2025-11,November,2025,Q4,20251125
2025-11-26,202511,2025-11,November,2025,Q4,20251126
2025-11-27,202511,2025-11,November,2025,Q4,20251127
2025-11-28,202511,2025-11,November,2025,Q4,20251128
2025-11-29,202511,2025-11,November,2025,Q4,20251129
2025-11-30,202511,2025-11,November,2025,Q4,20251130
2025-12-01,202512,2025-12,December,2025,Q4,20251201
2025-12-02,202512,2025-12,December,2025,Q4,20251202
2025-12-03,202512,2025-12,December,2025,Q4,20251203
2025-12-04,202512,2025-12,December,2025,Q4,20251204
2025-12-05,202512,2025-12,December,2025,Q4,20251205
2025-12-06,202512,2025-12,December,2025,Q4,20251206
2025-12-07,202512,2025-12,December,2025,Q4,20251207
2025-12-08,202512,2025-12,December,2025,Q4,20251208
2025-12-09,202512,2025-12,December,2025,Q4,20251209
2025-12-10,202512,2025-12,December,2025,Q4,20251210
2025-12-11,202512,2025-12,December,2025,Q4,20251211
2025-12-12,202512,2025-12,December,2025,Q4,20251212
2025-12-13,202512,2025-12,December,2025,Q4,20251213
2025-12-14,202512,2025-12,December,2025,Q4,20251214
2025-12-15,202512,2025-12,December,2025,Q4,20251215
2025-12-16,202512,2025-12,December,2025,Q4,20251216
2025-12-17,202512,2025-12,December,2025,Q4,20251217
2025-12-18,202512,2025-12,December,2025,Q4,20251218
2025-12-19,202512,2025-12,December,2025,Q4,20251219
2025-12-20,202512,2025-12,December,2025,Q4,20251220
2025-12-21,202512,2025-12,December,2025,Q4,20251221
2025-12-22,202512,2025-12,December,2025,Q4,20251222
2025-12-23,202512,2025-12,December,2025,Q4,20251223
2025-12-24,202512,2025-12,December,2025,Q4,20251224
2025-12-25,202512,2025-12,December,2025,Q4,20251225
2025-12-26,202512,2025-12,December,2025,Q4,20251226
2025-12-27,202512,2025-12,December,2025,Q4,20251227
2025-12-28,202512,2025-12,December,2025,Q4,20251228
2025-12-29,202512,2025-12,December,2025,Q4,20251229
2025-12-30,202512,2025-12,December,2025,Q4,20251230
2025-12-31,202512,2025-12,December,2025,Q4,20251231
